images,scab,healthy,frog_eye_leaf_spot,rust,complex,powdery_mildew
8c4e87ce6d816ec3.jpg,0.000908336543943733,0.0009105010540224612,0.00034928557579405606,0.0006850253557786345,0.0006577078602276742,0.9999985694885254
a21a9e32ff5560d1.jpg,0.00042779676732607186,5.4146403272170573e-05,0.9999990463256836,6.105587090132758e-05,0.00021685563842765987,4.0676150092622265e-05
e4de4afb2472206b.jpg,0.0008652510005049407,0.00015952250396367162,0.999993085861206,0.0002354229800403118,0.0006957855075597763,9.683373355073854e-05
90f66fcb38258bb0.jpg,0.000480183691252023,0.9999996423721313,0.00015403504949063063,0.0002606089983601123,0.00037250734749250114,0.00042311244760639966
e8c295799f8d221e.jpg,0.031767744570970535,0.0002115563111146912,0.28179657459259033,0.0001600240357220173,0.9999992847442627,0.0003258605138398707
97d46dcb101d6539.jpg,0.9999935626983643,0.002671097405254841,0.00012679626524914056,0.0002240625472040847,0.00035873285378329456,0.00033817990333773196
96943ee158c32e3e.jpg,0.0015921449521556497,0.0012503898469731212,0.00031751394271850586,0.0007741177687421441,0.0003439897845964879,0.9999964237213135
cec684eed5252a1d.jpg,0.00031735532684251666,0.00025349113275296986,0.00848365854471922,0.00013686840247828513,0.9999951124191284,0.00015430862549692392
b2f0ba09c1c9ecc7.jpg,0.9999903440475464,0.004030484706163406,0.00018014646775554866,0.0004135220078751445,0.0006577959284186363,0.0005629518418572843
c1e4b1668d4eb65c.jpg,0.999975323677063,0.008064039051532745,0.00027236566529609263,0.0006324888672679663,0.0008795178728178144,0.000833222409710288
f9fdd115893ad810.jpg,0.0002882951230276376,0.9999998807907104,7.19470699550584e-05,0.0001827244705054909,0.00024113828840199858,0.00023895394406281412
a4979ee28acfc30c.jpg,0.002053231466561556,0.0011605717008933425,0.0014565644087269902,0.0005345050594769418,0.9999581575393677,0.0005027307197451591
9fb32c2ad4632a47.jpg,0.9999936819076538,0.0033575273118913174,0.00010274633677909151,0.0003065910132136196,0.0004466015670914203,0.00047069470747374
adea7648eff08510.jpg,0.999980092048645,0.01268064696341753,0.00021154862770345062,0.00037940210313536227,0.0006892245728522539,0.0004541380039881915
e10ee56ed22a7e21.jpg,0.0005213880212977529,0.9999997615814209,0.00010000190377468243,0.00024234925513155758,0.0003328853053972125,0.00037234206683933735
eeab848a855ca56d.jpg,0.0003271227178629488,0.9999998807907104,7.648450991837308e-05,0.00015591664123348892,0.00019959986093454063,0.00023933310876600444
95ee528ac9ac6d64.jpg,0.9999963045120239,0.002443192759528756,8.158457785611972e-05,0.00016793864779174328,0.00031082204077392817,0.00027466146275401115
fd03d0fc4998a2d9.jpg,0.00025095819728448987,0.9999998807907104,7.028656546026468e-05,0.00014455067866947502,0.00022092333529144526,0.0002456393849570304
85a5a0257f17fd12.jpg,0.000281034765066579,0.9999998807907104,7.504412496928126e-05,0.0001581185351824388,0.0002861045941244811,0.0002482395793776959
fdcecda5662283c0.jpg,0.0008871234022080898,0.0003617068869061768,0.999984860420227,0.015438541769981384,0.0010740591678768396,0.00019496273307595402
aa9a0bdb853d3364.jpg,0.9999853372573853,0.0055254376493394375,0.00021498731803148985,0.000573636032640934,0.0007666405290365219,0.0007296761032193899
a1c5ca9f4ef90269.jpg,0.9999920129776001,0.0012615325395017862,0.9999954700469971,0.0008608034695498645,0.0002905464789364487,0.0011755049927160144
e2fa3a23d3cb0d12.jpg,0.00025253943749703467,0.9999998807907104,7.765279588056728e-05,0.00013851218682248145,0.00022388486831914634,0.0002681413316167891
c09798cb9eb16639.jpg,0.0026625581085681915,0.0009326892322860658,0.9998258948326111,0.0007766452035866678,0.008758828975260258,0.0006691307644359767
efe3e0401e7e9c44.jpg,0.9999985694885254,0.001327786361798644,0.9978406429290771,5.863373735337518e-05,7.032652501948178e-05,0.00011480270040920004
a869d4359a3651d7.jpg,0.0006042635068297386,0.9999994039535522,0.00020695594139397144,0.0003776335797738284,0.000544664217159152,0.0005815966869704425
a8add49f4b630d16.jpg,0.9999933242797852,0.004943292587995529,9.864281310001388e-05,0.00034128461265936494,0.0004373390111140907,0.0005278399912640452
b8edc78c0c49bd13.jpg,0.0007713648956269026,0.00013404933270066977,0.9999951124191284,0.0001238419208675623,0.0005457316292449832,8.456295472569764e-05
d8d2f0f08df65982.jpg,0.0004468659753911197,0.9999997615814209,9.678029164206237e-05,0.00022421637549996376,0.00032544112764298916,0.0003290259628556669
bca549a55c14e2de.jpg,0.00047176150837913156,0.9999997615814209,0.00010935081081697717,0.000221402442548424,0.0003573457070160657,0.0006336783990263939
f94d47700ce3a0cf.jpg,0.0004381842154543847,0.9999996423721313,0.00015460496069863439,0.00018870297935791314,0.0003140763146802783,0.00035364620271138847
e6deef6e162c1208.jpg,0.9999914169311523,0.0017590299248695374,0.0002022088592639193,0.00018575970898382366,0.0004204100405331701,0.00034930705442093313
b1b1919c490fcf9a.jpg,0.0003126572701148689,0.0005447099101729691,0.001823697704821825,0.9999995231628418,0.00042350427247583866,0.00032893873867578804
aca7d4fa0b60de42.jpg,0.0007637102389708161,0.9999969005584717,0.0001375323481624946,0.00023163780861068517,0.0004149236483499408,0.003871466498821974
e6d4af92143f1d24.jpg,0.002648903988301754,0.0032768675591796637,0.0048322114162147045,0.9999679327011108,0.002245401730760932,0.0015774019993841648
b80898e11fa17f1f.jpg,0.0003810722555499524,0.0005059778923168778,0.000647842651233077,0.9999992847442627,0.0005939232651144266,0.0002726134844124317
80c5d3895739ff50.jpg,0.9999947547912598,0.0037110731936991215,9.254945325665176e-05,0.0003520207537803799,0.00043088782695122063,0.00045253237476572394
af95a0407b6cd8cd.jpg,0.0014470366295427084,0.0019530486315488815,0.9655244946479797,0.9995146989822388,0.4503293037414551,0.00258574727922678
b61ac17d0fe18ca3.jpg,0.9994623064994812,0.0027851213235408068,0.010242761112749577,0.0004127066058572382,0.01183767057955265,0.0016043985961005092
a8d54d0d96517ab3.jpg,0.9999771118164062,0.00556298578158021,0.000339989346684888,0.0007561193779110909,0.0009501318563707173,0.000944813946262002
af553a0d837a954a.jpg,0.0010631978511810303,0.0018446434987708926,0.0011660457821562886,0.9999911785125732,0.0017639490542933345,0.0008491860935464501
cbc4c43e1f388fc1.jpg,0.00033173972042277455,0.9999997615814209,0.00011668288061628118,0.00019363108731340617,0.0003507003129925579,0.00030271787545643747
d0e491f459626cbb.jpg,0.9999969005584717,0.0015466772019863129,0.0006411978974938393,0.00011521263513714075,0.0007153217447921634,0.000276830920483917
b35272c80b6cdbb1.jpg,0.00131881982088089,0.0010456029558554292,0.9915395379066467,0.9988144636154175,0.0740288719534874,0.001467396505177021
b687c6f14fe129c0.jpg,0.004636019933968782,9.787721501197666e-05,0.9999920129776001,7.439876935677603e-05,0.007548419758677483,7.188219751697034e-05
89f45ad03b59a85b.jpg,0.0019299668492749333,0.0011793369194492698,0.0003591707209125161,0.0008653776021674275,0.00040738785173743963,0.9999963045120239
cd6e3668da3a1c31.jpg,0.0017782003851607442,0.0013334257528185844,0.0006701553938910365,0.0011095611844211817,0.0006721000536344945,0.9999949932098389
a9b69b89d945e432.jpg,0.0002725711092352867,0.9999997615814209,8.816752961138263e-05,0.0001494182215537876,0.0003492324613034725,0.00022703513968735933
adc384d1deaa9a19.jpg,0.005791173782199621,0.009953207336366177,0.00703176436945796,0.9995813965797424,0.007140182424336672,0.0029295189306139946
d8fe6cb40363dd04.jpg,0.9999762773513794,0.008494467474520206,0.00025820304290391505,0.0007467406103387475,0.0008672724943608046,0.0010606272844597697
a55be7b5c74ca022.jpg,0.9999929666519165,0.0041475119069218636,0.0001436290331184864,0.00034578138729557395,0.0005334052257239819,0.0005475564976222813
a8de8ae9717d860a.jpg,0.9999912977218628,0.0036354493349790573,0.00018358089437242597,0.00037194439209997654,0.0005743154906667769,0.0005147556657902896
d2dab2608f453f38.jpg,0.02223454974591732,0.0013735558604821563,0.00013206804578658193,0.0004902249784208834,0.00023368508846033365,0.9999836683273315
bd7e3847a1a09713.jpg,0.0008221465977840126,0.00011248201917624101,0.9999942779541016,0.00016113057790789753,0.0006100438185967505,9.626962128095329e-05
d5a2cac29d4a4d6d.jpg,0.9446789026260376,0.0012980976607650518,0.389015793800354,0.0002855653001461178,0.905337393283844,0.0013348165666684508
ca25c4f05f58a75a.jpg,0.9999654293060303,0.007397581357508898,0.00045142421731725335,0.0008599074208177626,0.001320736133493483,0.0011943175923079252
ce0e617c24d3cd2b.jpg,0.0005143220769241452,0.0006047218339517713,0.0005257304292172194,0.9999985694885254,0.0008633469697088003,0.0003905610356014222
d1dd4939b461889f.jpg,0.0004678006807807833,0.9999995231628418,0.0001373833219986409,0.00020736876467708498,0.0003981783229392022,0.0003452094388194382
c2b56fc3278e3c90.jpg,0.0007042791112326086,8.5029038018547e-05,0.999996542930603,7.495415775338188e-05,0.0003917799040209502,5.291315756039694e-05
9279f283dad209da.jpg,0.0009400173439644277,0.0002497882233001292,0.9999853372573853,0.0003620563948061317,0.0015039178542792797,0.00018242886289954185
a4b50293cd6bd56c.jpg,0.0021994151175022125,0.11837095767259598,0.9959684610366821,0.00027256671455688775,0.0012004366144537926,0.0003009771171491593
e09cd5e0af874aca.jpg,0.9999971389770508,0.002234612125903368,5.20738867635373e-05,0.0001679205452091992,0.00025840423768386245,0.00025941411149688065
abe89fc080e0f86f.jpg,0.0007558020297437906,0.0002045178262051195,0.0021326218266040087,0.00010804729390656576,0.9999984502792358,0.00016693936777301133
c2812ab8e7dec587.jpg,0.0005568364867940545,6.828402547398582e-05,0.9999979734420776,7.31774780433625e-05,0.0003760014951694757,5.2878451242577285e-05
ea22d7c70f9ad418.jpg,0.000352467322954908,0.9999997615814209,0.00010937333718175068,0.00017759064212441444,0.00030680125928483903,0.0002841890964191407
ad5ac02f165d9cac.jpg,0.9999653100967407,0.009668951854109764,0.0003590072155930102,0.000823425711132586,0.0011025014100596309,0.0011761495843529701
f5f2d0eec9d40426.jpg,0.00051017792429775,0.9999997615814209,0.00011451045429566875,0.0001912933512357995,0.0002765328099485487,0.000319264450808987
ef19769f502328aa.jpg,0.0007887050160206854,0.00015469682693947107,0.9999961853027344,0.00017364641826134175,0.0005344615201465786,8.583301678299904e-05
c763dad259952135.jpg,0.9999765157699585,0.005662917625159025,0.0003122700145468116,0.000634766707662493,0.0008609302458353341,0.0008959942497313023
f35b81fa9ca67204.jpg,0.00016883698117453605,0.00022723157599102706,0.00016385826165787876,0.017695290967822075,0.9999992847442627,0.00010270588973071426
cdd1859c163a7ea1.jpg,0.9999979734420776,0.002563816262409091,5.298986434354447e-05,0.0001472637231927365,0.00023675328702665865,0.0002434771740809083
e9ca94f4dcb4d806.jpg,0.0006107203662395477,8.757754403632134e-05,0.9999974966049194,0.00010507708066143095,0.0003200134669896215,6.409850175259635e-05
c83674f435ba829e.jpg,0.9999945163726807,0.001982669811695814,0.9999982118606567,0.00046365405432879925,0.0001878000912256539,0.0011600775178521872
8e94343cf4a1e1e7.jpg,0.0005020246608182788,8.251288818428293e-05,0.9999977350234985,7.960739458212629e-05,0.0003179364721290767,4.754905967274681e-05
c59bfac9182682de.jpg,0.0005899188108742237,0.9999994039535522,0.00023495947243645787,0.00029823443037457764,0.00039093042141757905,0.00057569908676669
af9f979948682174.jpg,0.9995706677436829,0.005136250052601099,0.9999860525131226,0.004077462013810873,0.9997041821479797,0.009365525096654892
81b09bc35d29cb67.jpg,0.9999974966049194,0.0011590818176046014,0.9999988079071045,6.798644608352333e-05,0.001916396082378924,0.00027004137518815696
e92c7b30528b8f1e.jpg,0.0010076655307784677,0.0008990081842057407,0.0002607138594612479,0.0005717874737456441,0.0005329565028659999,0.999998927116394
a161c1cdcbd684bb.jpg,0.04232650622725487,0.0014680897584185004,0.9404975771903992,0.0008260261965915561,0.9999864101409912,0.0007876782910898328
d41dd2598a54c9be.jpg,0.0004023808869533241,4.1739393054740503e-05,0.9999992847442627,4.68994039692916e-05,0.0001602165721124038,3.184962770319544e-05
eda13afa80cb6e03.jpg,0.0004231836355756968,0.9999997615814209,0.00012426445027813315,0.00020643052994273603,0.0003435902763158083,0.0003268275177106261
daefc1c8905f8139.jpg,0.0005450589233078063,0.9999995231628418,0.0001506028784206137,0.00028471057885326445,0.000497838540468365,0.00040477176662534475
a15fc369ad05529e.jpg,0.0002651552204042673,0.9999998807907104,6.652631418546662e-05,0.0001423326029907912,0.0002128288906533271,0.0002225854404969141
b4e65618b31ea8ad.jpg,0.0005903943674638867,0.9999995231628418,0.00017037297948263586,0.0002736037422437221,0.0003895825066138059,0.0004224013246130198
f0bde11c077e18a3.jpg,0.00045689218677580357,0.9999997615814209,0.00010415323049528524,0.0002147259219782427,0.0003487955837044865,0.0003153412835672498
929b16251fcaafc4.jpg,0.000320463499519974,0.0004127518623135984,0.0005678731831721961,0.9999996423721313,0.0024579765740782022,0.0003329843748360872
f74aa07dd01552ad.jpg,0.9996457099914551,0.0026065015699714422,0.9999969005584717,0.0003778028185479343,0.5710460543632507,0.0017903135158121586
a5d40b85ca9dda4d.jpg,0.0003823726437985897,4.964674371876754e-05,0.9999991655349731,6.969257083255798e-05,0.00025234019267372787,3.644998650997877e-05
e121839ddd3885bd.jpg,0.001201097620651126,0.0018437058897688985,0.0020413061138242483,0.9999904632568359,0.0011384028475731611,0.000712873472366482
ddc46be69706d228.jpg,0.10637065023183823,0.9999803304672241,8.910641918191686e-05,0.0002325151872355491,0.000250194629188627,0.00044620345579460263
ed07c5684760b2f3.jpg,0.00041024383972398937,0.9999997615814209,9.252667950931937e-05,0.00019315570534672588,0.00030019620317034423,0.0002948485780507326
9924d1727fd32c86.jpg,0.0004962064558640122,0.0005104269366711378,0.0004943315288983285,0.9999985694885254,0.0007386818761005998,0.00030943768797442317
a8dd9f783d32c070.jpg,0.00046467172796837986,8.175325638148934e-05,0.9999977350234985,8.117722609313205e-05,0.0003846428298857063,4.5712651626672596e-05
9cbefa66648e0549.jpg,0.0007288931519724429,0.00018112407997250557,0.9999957084655762,0.0001310506631853059,0.00046424425090663135,8.961479034041986e-05
dee13184115f269f.jpg,0.0008372454904019833,0.00044902192894369364,0.00018319356604479253,0.9999970197677612,0.000556350511033088,0.0002698012685868889
a03f973bda0f0361.jpg,0.00032095424830913544,4.71875500807073e-05,0.9999992847442627,4.6995301090646535e-05,0.0002084753941744566,3.134763755952008e-05
c4634d87a57e343c.jpg,0.9999951124191284,0.002174617489799857,0.00016577063070144504,0.0001964222319656983,0.00038995352224446833,0.00037661849637515843
aa6bca962d8de161.jpg,0.0006262031383812428,0.00011535269004525617,0.9999955892562866,0.0001211512426380068,0.0006010594661347568,8.306266681756824e-05
b5c0f2b59a85d1a9.jpg,0.0005858899676240981,0.00031293518259190023,0.004838305059820414,0.00010787392966449261,0.9999966621398926,0.00011949813779210672
ecc29fb5460a1e8d.jpg,0.0003822930157184601,0.9999997615814209,0.00010354765981901437,0.00017618635320104659,0.00031526313978247344,0.00028323641163297
c7d8838fc0e3ce83.jpg,0.9999470710754395,0.05968155339360237,0.00013335183029994369,0.00034053545095957816,0.0004713147645816207,0.00045334879541769624
b4bfd95fa4e46040.jpg,0.0015449845232069492,0.000405898317694664,0.9999853372573853,0.00042565626790747046,0.0015311415772885084,0.00019391415116842836
a726ca4ac666ada3.jpg,0.9999715089797974,0.006642975378781557,0.0003362687712069601,0.000695480965077877,0.0008943871944211423,0.0009343859856016934
93b38ee5a405357c.jpg,0.0006751865148544312,0.9999995231628418,0.00017213802493643016,0.0003153103170916438,0.0003994514117948711,0.00040198772330768406
a91b98adc86f64a6.jpg,0.0002113649679813534,3.753221972147003e-05,0.9999995231628418,5.348265403881669e-05,0.00020865815167780966,2.2732627257937565e-05
aacbb4e0c8b341e7.jpg,0.9999865293502808,0.00561737222597003,0.0002345997199881822,0.0005066774901933968,0.000842491805087775,0.0007113100145943463
846ac7970f6f0e1c.jpg,0.9999935626983643,0.0026389078702777624,0.00011178016575286165,0.00020786328241229057,0.0002821405651047826,0.0003969379176851362
e03698e21f2f1f25.jpg,0.9999791383743286,0.00664054648950696,0.000270762451691553,0.0006967779481783509,0.0007981813978403807,0.0008598635322414339
a422f6f6f12b4169.jpg,0.03419140726327896,0.0015585084911435843,0.999922513961792,0.000901328690815717,0.006998117081820965,0.0008897586376406252
82ae4a185ebdf14b.jpg,0.8359964489936829,0.36868464946746826,0.10299772769212723,0.08961758762598038,0.07166008651256561,0.19302070140838623
b3dace2dac608b70.jpg,0.00034564343513920903,5.1093629735987633e-05,0.999998927116394,6.103655323386192e-05,0.0002587972558103502,3.807561006397009e-05
b6dcb7944a82384f.jpg,0.00029407793772406876,0.9999998807907104,7.96550084487535e-05,0.00016950494318734854,0.000257552950643003,0.00026383958174847066
e8228ba775ca955c.jpg,0.0004688531334977597,0.9999997615814209,0.00012065816554240882,0.0002317705802852288,0.0003454026591498405,0.00038169321487657726
9af8b26949eb61c1.jpg,0.9999903440475464,0.0043308790773153305,0.00019351131049916148,0.00039150528027676046,0.0006328316521830857,0.0005798791535198689
f856a51f103593bc.jpg,0.9999915361404419,0.0007621144177392125,0.10969892889261246,0.000184280113899149,0.09559676796197891,0.0003134807338938117
b0d9c859ec2936ba.jpg,0.00039250924601219594,0.9999997615814209,0.0001200971964863129,0.00020135943486820906,0.0003554892900865525,0.0003186893882229924
a88ec4dc9e5cb8b4.jpg,0.011736501008272171,0.0031325998716056347,0.9994274377822876,0.0029469721484929323,0.0052933236584067345,0.0016649510944262147
c4fc3e323d47f003.jpg,0.0003356520610395819,4.1613839130150154e-05,0.9999994039535522,3.9098053093766794e-05,0.00017874958575703204,3.102235132246278e-05
ba02d79a8ad43dc6.jpg,0.0003356085217092186,0.0004725820617750287,0.0007474846206605434,0.9999994039535522,0.0006700094672851264,0.0002415144699625671
956b589d524c63b5.jpg,0.0005606527556665242,0.000876998994499445,0.001136390375904739,0.9999978542327881,0.0007726887706667185,0.00042651756666600704
80b4a4d8d2f2db5b.jpg,0.003593612462282181,0.000892197247594595,0.99988853931427,0.0006887570489197969,0.002491619437932968,0.0005680940812453628
c420e7723cb359d5.jpg,0.0010638280073180795,0.00018254248425364494,0.9999934434890747,0.000182103700353764,0.0006289215525612235,0.00012447815970517695
b8239b11b74b253e.jpg,0.9999836683273315,0.004399684723466635,0.00022471976990345865,0.00043936603469774127,0.0005945655284449458,0.0006184386438690126
fe941088e3fe203f.jpg,0.0007455907762050629,0.00014379991625901312,0.9999946355819702,0.00013806845527142286,0.0005208952352404594,8.875050116330385e-05
b0ea936c4a3964dd.jpg,0.9999887943267822,0.004738594871014357,0.00019566089031286538,0.0004671563219744712,0.0007307021296583116,0.0007009946275502443
c2ea4ba6c1532d5b.jpg,0.0005365278921090066,0.00042525699245743454,0.0005879852687940001,0.00018436623213347048,0.9999935626983643,0.00014830240979790688
a559c8604ef2787b.jpg,0.0005009460146538913,0.00010615529754431918,0.9999972581863403,0.00011428605648688972,0.00041568197775632143,6.110224785516039e-05
95245ac6495adceb.jpg,0.0003328894672449678,4.378770609037019e-05,0.9999994039535522,4.5735418098047376e-05,0.00015201707719825208,2.7593338018050417e-05
af919196dac81aad.jpg,0.9999645948410034,0.0022337099071592093,0.00987434946000576,0.0003177528560627252,0.0005273771239444613,0.0004427284002304077
a881c057b534fafa.jpg,0.9999964237213135,0.0023347882088273764,8.71859083417803e-05,0.00024852610658854246,0.00039968264172784984,0.0003273794718552381
8a4195529f6b95e3.jpg,0.9999927282333374,0.004493929911404848,0.0001499284408055246,0.0004111610178370029,0.0006090718088671565,0.0005627463688142598
a3c7b7b1c396490a.jpg,0.99994957447052,0.011171281337738037,0.0005371998413465917,0.0007856647716835141,0.0011501865228638053,0.0012602185597643256
a532b7815ecdac8a.jpg,0.999988317489624,0.004893814213573933,0.00017404741083737463,0.0004754059191327542,0.000666772190015763,0.000682680169120431
e8f0981acbdd49c9.jpg,0.00046995095908641815,0.9999966621398926,0.00012048063945258036,0.000181061404873617,0.0024832203052937984,0.020975930616259575
fa14602e235db7c9.jpg,0.0003126587253063917,0.00038863529334776103,0.000750100240111351,0.9999995231628418,0.00045549540664069355,0.0002347711124457419
cf8274bf1bd0e182.jpg,0.9999940395355225,0.0026804169174283743,0.0001332129177171737,0.00020109274191781878,0.0004453355504665524,0.000354649790097028
ef6890d5c0028fdf.jpg,0.0005493364878930151,0.000948636734392494,0.005912414286285639,0.999998927116394,0.0018885270692408085,0.0006553168059326708
ebc09db8db31b902.jpg,0.9993764758110046,0.001900546601973474,0.999983549118042,0.0005206837668083608,0.0008451069006696343,0.0009915176779031754
f5d2907912213f4f.jpg,0.0007140623056329787,0.001704587833955884,0.0029619880951941013,0.999996542930603,0.0007437436142936349,0.0006333010387606919
81c591c9a78d9d37.jpg,0.9999957084655762,0.0013428502716124058,0.004114797804504633,0.00016001123003661633,0.0005226259236223996,0.00033408583840355277
c08eb5c5b7953c98.jpg,0.00028911620029248297,0.9999998807907104,7.528933929279447e-05,0.00015953862748574466,0.00022107611584942788,0.00025019916938617826
a9c596c9a065d4f6.jpg,0.9999977350234985,0.0020169452764093876,6.461235170718282e-05,0.00017066502186935395,0.0002870160387828946,0.000247301475610584
fcb74504067eca1e.jpg,0.0005203488399274647,0.0007921921787783504,0.0009984842035919428,0.9999979734420776,0.0008904639398679137,0.0004226007149554789
e3e065e07a996d0e.jpg,0.00031686588772572577,0.0005437914514914155,0.009666992351412773,0.05991484969854355,0.9999998807907104,0.0002718325413297862
8499edfce222e1e1.jpg,0.9999936819076538,0.0031647090800106525,0.00011068503226852044,0.0003013420500792563,0.0004404422652442008,0.0005000280798412859
d0a98e4bfe61c3e0.jpg,0.000927874178159982,0.001543825608678162,0.003176533617079258,0.9999958276748657,0.0008355233003385365,0.0008327544783242047
f8b371039bcc26e4.jpg,0.9999982118606567,0.0013154185144230723,0.9997979998588562,0.00012782838894054294,0.00019812583923339844,0.00030589671223424375
aac5a1b4e5f5a40b.jpg,0.00030965133919380605,0.9999998807907104,6.971110997255892e-05,0.00015557714505121112,0.0002361475198995322,0.00025757751427590847
957c2090cd9e5af9.jpg,0.0012810290791094303,0.001050952821969986,0.00040846344199962914,0.0007881566416472197,0.00042005436262115836,0.9999978542327881
d28d8dc9a45a63ea.jpg,0.0005843209801241755,7.904029916971922e-05,0.9999977350234985,6.412460788851604e-05,0.00024549468071199954,5.273935676086694e-05
f8576a47256a3722.jpg,0.00034291352494619787,0.9999998807907104,7.089767314027995e-05,0.0001584514684509486,0.00022963757510297,0.00025632663164287806
f2dca1f514359c0e.jpg,0.0023419600911438465,0.0051573957316577435,0.0010749686043709517,0.0016502825310453773,0.0007354592671617866,0.999969482421875
a5f8c4c14e873ccb.jpg,0.0002791760489344597,0.9999998807907104,6.964791828067973e-05,0.00014823667879682034,0.00022958547924645245,0.0002301948406966403
a599e4e9b90a4ab6.jpg,0.0004552047757897526,6.607980321859941e-05,0.9999984502792358,6.338144885376096e-05,0.00026496188365854323,4.448113395483233e-05
b6cc96d24a4b0dad.jpg,0.0008986149914562702,0.9999990463256836,0.0002250519028166309,0.00046288041630759835,0.0005790465511381626,0.000630582042504102
afb7f05e80f4032a.jpg,0.015127388760447502,0.009105660952627659,0.06592811644077301,0.004595317877829075,0.9981107711791992,0.0049207452684640884
95e4f084be1eca9c.jpg,0.9999923706054688,0.004038119688630104,0.00014777053729631007,0.0003438298008404672,0.0005603205063380301,0.0004886368988081813
c2a72fdafec000ad.jpg,0.9999943971633911,0.003550988622009754,0.00011524373257998377,0.0003177883045282215,0.0005078783142380416,0.0004839097091462463
d6870090fd929f9d.jpg,0.0005064278375357389,0.00011198854917893186,0.9999978542327881,9.115618740906939e-05,0.0003914123517461121,6.18097183178179e-05
dbf601a5c18c27e9.jpg,0.0007328775827772915,0.0005966915050521493,0.00037498166784644127,0.0007160095265135169,0.00043808401096612215,0.9999967813491821
f337d482839f80f1.jpg,0.0014347633114084601,0.001302694552578032,0.0003583097131922841,0.0008246860816143453,0.0005699165631085634,0.9999973773956299
cde3244bb5167b50.jpg,0.9999717473983765,0.006594464648514986,0.0003654352913144976,0.0008946774178184569,0.0012874520616605878,0.0011597642442211509
a598dc60d8ed88cf.jpg,0.9999983310699463,0.0016077428590506315,4.7843750508036464e-05,0.000131158041767776,0.00019217307271901518,0.00018522856407798827
8cdcc895ff113913.jpg,0.9999961853027344,0.0021773341577500105,0.0001134296617237851,0.00021220398775767535,0.00046876375563442707,0.0003283234254922718
dfa488878aef88e4.jpg,0.0002561055589467287,0.9999998807907104,6.0758149629691616e-05,0.00013165386917535216,0.00018701920635066926,0.00021015062520746142
bbe69bcaf0994098.jpg,0.9915487766265869,0.0006870231009088457,0.9904019236564636,7.354391709668562e-05,0.9994826316833496,0.00022869042004458606
ed6eb5941c8e5603.jpg,0.9999788999557495,0.0075386567041277885,0.0002892700722441077,0.0005248156958259642,0.00080205308040604,0.000780561298597604
94f4d5869bb490f8.jpg,0.0006995780859142542,5.334513116395101e-05,0.9999953508377075,0.0019067690009251237,0.0008080736151896417,7.305170584004372e-05
abb59ff2c8664026.jpg,0.002843120601028204,0.0010682818247005343,0.0009517604485154152,0.00046726566506549716,0.9999674558639526,0.0023825489915907383
fb61ea208e261f27.jpg,0.000551477714907378,0.9999997615814209,0.00011307402746751904,0.00022486808302346617,0.0003033390094060451,0.00033542735036462545
dc6e7b942a9a2d90.jpg,0.9999977350234985,0.002057950245216489,5.135981700732373e-05,0.0001773188851075247,0.0002701737394090742,0.00025001863832585514
d4919739497432be.jpg,0.9999995231628418,0.0011830172734335065,0.9999948740005493,0.00010870414553210139,0.00011041400284739211,0.0004091052687726915
b29fd0b641c01fe9.jpg,0.00030665064696222544,0.9999998807907104,7.680477574467659e-05,0.0001592973858350888,0.00024670964921824634,0.0002555998507887125
fa8a7aa901a50bee.jpg,0.00042735840543173254,0.9999997615814209,9.625805250834674e-05,0.00017667505017016083,0.00032959136296994984,0.0002824974653776735
f2e4c3940dd4b993.jpg,0.99998939037323,0.004268096759915352,0.00016505378880538046,0.0003551309055183083,0.0005229663220234215,0.0005264198407530785
b0e5e7950a97f601.jpg,0.9999911785125732,0.0036889812909066677,0.00017900117381941527,0.00034246742143295705,0.0005759929772466421,0.0004836558364331722
db68629d1e14713e.jpg,0.000615249911788851,0.001303624827414751,0.004110448528081179,0.9999983310699463,0.0008053139899857342,0.0004954698379151523
ea65c546c48e3ecc.jpg,0.0006583635695278645,0.0008351400028914213,0.0006612135912291706,0.9999970197677612,0.00160631921608001,0.0004802480398211628
fa90c6c31fde210b.jpg,0.0004221348208375275,0.9999997615814209,0.00010870787082239985,0.0002011207106988877,0.00029912058380432427,0.0003288688021712005
c0ea339ff039d4b0.jpg,0.000268538628006354,0.9999998807907104,8.127877663355321e-05,0.00012298508954700083,0.00022128320415504277,0.00026266518398188055
dc938f99cc6a9524.jpg,0.999997615814209,0.0024885472375899553,5.985293319099583e-05,0.00019021969637833536,0.0002832782920449972,0.00029281340539455414
fae1c396259a3495.jpg,0.00029460861696861684,0.00021234869200270623,0.0003470482479315251,5.419589433586225e-05,0.9999980926513672,8.105006418190897e-05
896b3f80236d761b.jpg,0.0002882855187635869,0.9999998807907104,7.05430720699951e-05,0.00014738269965164363,0.00023929479357320815,0.00023075695207808167
fe5cd40c8a00deaf.jpg,0.0005601563025265932,0.0007184004643931985,0.0013699032133445144,0.999998927116394,0.000714654684998095,0.0003793335927184671
f2833fc83c762c85.jpg,0.0004980136873200536,7.625925354659557e-05,0.9999980926513672,0.00010138813377125189,0.0002893638447858393,5.407297794590704e-05
84f81ac3c5ed6566.jpg,0.0004226242599543184,0.9999996423721313,0.00015353078197222203,0.00021444031153805554,0.0003410507342778146,0.0003884764446411282
b8911afb166204ff.jpg,0.00031752057839185,0.9999998807907104,8.063985296757892e-05,0.00016597515786997974,0.0002444608835503459,0.00028921104967594147
839e978ed69e7808.jpg,0.0026828465051949024,0.000736585701815784,0.9999454021453857,0.0008909050957299769,0.0014587936457246542,0.0003777787205763161
b52d65c1ee320337.jpg,0.0005476055666804314,0.000593477045185864,0.0005865246639586985,0.9999980926513672,0.0013486178359016776,0.00048597066779620945
aa389e7bd8ab1198.jpg,0.0002619349688757211,0.9999998807907104,6.603709334740415e-05,0.00013839060557074845,0.00020016248163301498,0.00024131216923706234
d3b089e760db2f06.jpg,0.00021397463569883257,0.0001783292682375759,8.839593647280708e-05,4.602360786520876e-05,0.9999974966049194,8.239888120442629e-05
ca2f3faf1584c0cc.jpg,0.9999721050262451,0.0069701094180345535,0.0004039054620079696,0.0008575995452702045,0.0011788640404120088,0.0012122465996071696
d5b2c6c99f58b007.jpg,0.00027333831530995667,0.0002914692449849099,0.000744571618270129,0.00023542519193142653,0.9999983310699463,0.0002900217368733138
c5abe4a9985af851.jpg,0.9291261434555054,0.9971754550933838,8.973349031293765e-05,0.00028748708427883685,0.00037319102557376027,0.0006651284056715667
a78964da8da25f2a.jpg,0.0009053477551788092,0.00020995353406760842,0.9999916553497314,0.00022093913867138326,0.0008049188763834536,0.00012701759987976402
f4bcdb58fdf10080.jpg,0.00016362188034690917,0.00015762988186907023,0.009341992437839508,4.982787504559383e-05,0.9999995231628418,0.00012112212425563484
b281e89695fc84ee.jpg,0.0003332012565806508,4.8329649871448055e-05,0.9999988079071045,6.001988731441088e-05,0.0002693674177862704,3.415322498767637e-05
e5e895c7504239e7.jpg,0.001158450380899012,0.0015717834467068315,0.0011772660072892904,0.9999896287918091,0.003075700020417571,0.0009377089445479214
fad5e5ca18709833.jpg,0.0018498334102332592,0.0017890450544655323,0.0004741143493447453,0.0010857550660148263,0.0005478670937009156,0.9999949932098389
9df81f99bd296041.jpg,0.9999873638153076,0.004193630535155535,0.00027824813150800765,0.000479582668049261,0.0007552735041826963,0.0006705632549710572
fc8507d0e89b22bb.jpg,0.0010742427548393607,0.9999982118606567,0.0003932880936190486,0.0005797194316983223,0.0009420898859389126,0.0010151395108550787
eddfc02f8b82321a.jpg,0.0013726478209719062,0.0010775919072329998,0.00038678638520650566,0.0010146351996809244,0.0004681713762693107,0.9999967813491821
eca478e827f79850.jpg,0.00030125846387818456,0.00016335702093783766,0.007133130449801683,0.0001366200012853369,0.9999961853027344,8.909749158192426e-05
95b44bc3a87077ca.jpg,0.002088804030790925,0.0015050123911350965,0.0003975142608396709,0.0009225945104844868,0.0003987232339568436,0.9999942779541016
891cfb68a5a0e597.jpg,0.999998927116394,0.0014384387759491801,0.9999874830245972,0.00011196269770152867,0.00020285249047446996,0.00041878665797412395
ed0ac179c8d0b5e5.jpg,0.9999923706054688,0.0028658010996878147,0.0001464351953472942,0.00029175085364840925,0.00044519678340293467,0.0005306971725076437
8e5a7469cce9c931.jpg,0.0003422203299123794,0.0006382247665897012,0.001099875196814537,0.9999995231628418,0.0004885821836069226,0.0003549894317984581
eaf1d8ab4554ca43.jpg,0.00040746317245066166,0.0005485945148393512,0.0004594536731019616,0.9999991655349731,0.0010500091593712568,0.00041813511052168906
fc0ac3f89a518c3b.jpg,0.0002486801822669804,0.9999998807907104,5.934369983151555e-05,0.0001423518842784688,0.00022885139333084226,0.00024267550907097757
f981800387e7d3d7.jpg,0.99998939037323,0.0045316871255636215,0.00017743880744092166,0.00040359311969950795,0.00056775490520522,0.0005847382126376033
f089b32d93750bf0.jpg,0.9999940395355225,0.0033891003113240004,0.00010155562631553039,0.00023878928914200515,0.0003917253634426743,0.000406378589104861
da33c2d60e6e6564.jpg,0.000253567035542801,0.9999998807907104,7.23283810657449e-05,0.0001125498311012052,0.00016462203348055482,0.0002396292838966474
d2d86dfce564e804.jpg,0.0006647966802120209,0.00013578154903370887,0.9999964237213135,0.00022594006441067904,0.0005053202621638775,9.900912846205756e-05
dec4692e245556ad.jpg,0.00169388297945261,0.00023758951283525676,0.9999816417694092,0.00028258314705453813,0.0009769826428964734,0.00021404668223112822
f7e68b0bad415a88.jpg,0.9999911785125732,0.0047708735801279545,0.00018871448992285877,0.00039899241528473794,0.0006063900655135512,0.0006549287354573607
d480c5bd2f3e14f4.jpg,0.000519381370395422,0.9999997615814209,0.00011081820412073284,0.0002554909442551434,0.0003237604396417737,0.0003923740005120635
c7f08cb75c656541.jpg,0.0007420027977786958,0.00011314252333249897,0.9999970197677612,0.00011196269770152867,0.00032548734452575445,6.919247243786231e-05
f0bf78e00f878728.jpg,0.011567632667720318,0.9999961853027344,8.430650632362813e-05,0.00012611437705345452,0.00018921880109701306,0.000751941348426044
d1c23a95469d2dbc.jpg,0.00557918194681406,0.002241221023723483,0.9993908405303955,0.0019039732869714499,0.503369152545929,0.0011162859154865146
8b803f11dcda9a9b.jpg,0.9999889135360718,0.004713579546660185,0.00020321778720244765,0.00047337665455415845,0.0007059647468850017,0.0006483367760665715
ad5252524be6aca7.jpg,0.004670880734920502,0.0013864829670637846,0.9996201992034912,0.0013309218920767307,0.01545821875333786,0.0008208819199353456
969036c3c36bfa0b.jpg,0.9999829530715942,0.003344346536323428,0.00021420163102447987,0.0004282296577002853,0.0006385958986356854,0.0008849760051816702
a1e5db16cc5be0d0.jpg,0.00039816336357034743,0.9999997615814209,0.00011204974725842476,0.00020567748288158327,0.00033272476866841316,0.0003137456369586289
c140ca69bd7672cb.jpg,0.0004743238678202033,8.180293662007898e-05,0.9999980926513672,0.0001081720256479457,0.000402283068979159,5.826364576932974e-05
c13977cb1d2708e3.jpg,0.00042857471271418035,0.9999996423721313,0.00014113196812104434,0.00021005526650696993,0.0003065579803660512,0.0004059307975694537
d2d8c6ac463c267b.jpg,0.0005968724144622684,0.9999996423721313,0.00015650215209461749,0.0002791528822854161,0.00043727378943003714,0.0003964839270338416
eaaf868195e3053e.jpg,0.9999964237213135,0.0024502803571522236,9.093550033867359e-05,0.00021254904277157038,0.00037898169830441475,0.00033345259726047516
e5834f0c1074bf9b.jpg,0.011317942291498184,0.0025692800991237164,0.9995163679122925,0.0011828768765553832,0.007095464505255222,0.001316164038144052
97eb17c48a16ec0b.jpg,0.9999914169311523,0.004504767246544361,0.0001572818582644686,0.00041661420254968107,0.0006254259496927261,0.0005996733088977635
ee86c5d4d488be0d.jpg,0.0004945434047840536,0.0005213790573179722,0.010412617586553097,0.9999986886978149,0.0024965722113847733,0.0004831621190533042
c8f207c8931e21ff.jpg,0.9571351408958435,0.0011166880140081048,0.0036333033349364996,0.00012066794442944229,0.8859937191009521,0.0005498158279806376
ad8c1e5ac42a6ae7.jpg,0.9999901056289673,0.0047936285845935345,0.00017915024363901466,0.0005441020475700498,0.0007241939892992377,0.0007313332753255963
d02f7abc20d21b73.jpg,0.0004887822433374822,0.0005050094332545996,0.0005557767581194639,0.9999990463256836,0.0013179534580558538,0.0003679883957374841
bf7f00c2611faa8a.jpg,0.0002451641485095024,0.9999998807907104,6.198479240993038e-05,0.0001223249564645812,0.0001868400868261233,0.0002397673379164189
fc17dace3584b052.jpg,0.9999959468841553,0.0027972243260592222,8.746296225581318e-05,0.00022836773132439703,0.0003630364080891013,0.0003159584884997457
f9c89ed5e821c730.jpg,0.00024266417312901467,0.00017586325702723116,0.0022354053799062967,0.00010179384844377637,0.9999991655349731,7.652857311768457e-05
a09c879c4e25bee3.jpg,0.00040358255500905216,0.9999997615814209,0.00011284912034170702,0.00018566567450761795,0.00027389341266825795,0.00029746032669208944
87e8cb11791fd078.jpg,0.001236422685906291,0.0020915332715958357,0.002024883171543479,0.9999877214431763,0.0012781833065673709,0.000767097226344049
e0a1f05e2ea13c5f.jpg,0.01802821084856987,0.00279119610786438,0.9998586177825928,0.000845053291413933,0.8812602758407593,0.0015105681959539652
f1ecd4c7c88ecc18.jpg,0.0008733430877327919,0.0002302121720276773,0.9999850988388062,0.00032010566792450845,0.0024735478218644857,0.00014401439693756402
cd6632d1438d5a8f.jpg,0.9999915361404419,0.0043710037134587765,0.00012301569222472608,0.0004045468522235751,0.0004699706914834678,0.0007650047191418707
c9eda1909292b3de.jpg,0.9999942779541016,0.0037937562447041273,0.00011486631410662085,0.00037300412077456713,0.00047798576997593045,0.00048524970770813525
ceb4e84b3c2343f8.jpg,0.9999806880950928,0.006185792852193117,0.00032649803324602544,0.0006709643639624119,0.0007893757428973913,0.0009616668103262782
958d830e6375673a.jpg,0.0003778237442020327,0.9999997615814209,0.00010156385542359203,0.00016455596778541803,0.0002922327839769423,0.00028315489180386066
f1b52245e41339fa.jpg,0.0005163320456631482,8.500536205247045e-05,0.9999980926513672,6.986883090576157e-05,0.00030097339185886085,5.057854650658555e-05
edba8cf01da72807.jpg,0.9999978542327881,0.0022197572980076075,5.340126881492324e-05,0.00013928792031947523,0.0002155585534637794,0.00022072017600294203
b478c9852472fb93.jpg,0.0008518568938598037,0.0009684339165687561,0.0010779302101582289,0.9999953508377075,0.0012108917580917478,0.0007959752692840993
87fa4e55a529a2e2.jpg,0.000578402541577816,0.9999996423721313,0.00013847890659235418,0.00022813508985564113,0.0004775009583681822,0.0005119169945828617
bfc08bcd6e42703a.jpg,0.0017991481581702828,0.0015299648512154818,0.00039009295869618654,0.0008664271445013583,0.00036519396235235035,0.9999947547912598
b7ae8302ca92596f.jpg,0.9999934434890747,0.00299015361815691,0.0001092697202693671,0.00035909400321543217,0.0004627994494512677,0.0004317839920986444
b63e966f4a0ae28a.jpg,0.1325310915708542,0.005838152952492237,0.9924699664115906,0.00056251953355968,0.9923507571220398,0.0013963984092697501
c6f27280f29719d9.jpg,0.9999547004699707,0.0031708255410194397,0.9991568326950073,0.0009894430404528975,0.00044694269308820367,0.0009924651822075248
a89275575caba316.jpg,0.9999661445617676,0.00722564198076725,0.0003561000048648566,0.0009330403408966959,0.0010257413377985358,0.0010569028090685606
dde824a1949bcbd1.jpg,0.0003525064676068723,0.9999998807907104,9.268431313103065e-05,0.00016240916738752276,0.00021832468337379396,0.00036074320087209344
8c3932ac3568c7cf.jpg,0.0025883016642183065,0.0005668384255841374,0.9999405145645142,0.0008101792773231864,0.0027868421748280525,0.0004480225616134703
d8cbffe96f002031.jpg,0.000543710368219763,0.9999996423721313,0.00013095098256599158,0.0002265939983772114,0.0004059518687427044,0.00031622941605746746
9b850760797fb614.jpg,0.0003318048547953367,0.9999997615814209,0.00010081047366838902,0.00019938319746870548,0.0002754158922471106,0.00028427931829355657
f8e19725887e5856.jpg,0.0009812116622924805,0.001370091806165874,0.0008084255387075245,0.9999934434890747,0.001226414693519473,0.0007020182092674077
89e708976d4ae51d.jpg,0.0006878410349600017,0.00015312111645471305,0.9999954700469971,0.00013091701839584857,0.0005003776168450713,8.011168392840773e-05
d8c985840f4fbe6c.jpg,0.9999942779541016,0.003345058299601078,0.00011027068831026554,0.00031368847703561187,0.0004642086278181523,0.0003962239425163716
f5b05ad6808b4a6f.jpg,0.9999973773956299,0.0021369296591728926,6.441683217417449e-05,0.0001480664504924789,0.0001900744973681867,0.00021606928203254938
f8f8e9e49b850c43.jpg,0.9999958276748657,0.0022305618040263653,5.003953629056923e-05,0.0002887501032091677,0.00031363347079604864,0.000530815334059298
d8b6c53b38833336.jpg,0.0006087384535931051,0.00012421494466252625,0.9999955892562866,0.00010856936569325626,0.0005465116119012237,8.410327427554876e-05
a8f2943ad6b5c29a.jpg,0.9999439716339111,0.010020299814641476,0.0006378969992510974,0.001357817673124373,0.0017634235555306077,0.0017549743643030524
b0ef49cc61cce358.jpg,0.999993085861206,0.0045114499516785145,9.726202551973984e-05,0.00036501261638477445,0.0004191007756162435,0.0005654564592987299
f40685e2dec28aed.jpg,0.003917168825864792,0.0020590266212821007,0.005785535089671612,0.0022410727106034756,0.9998114705085754,0.0008553972584195435
c2ea4ed80ec724de.jpg,0.0010079756611958146,0.00023664359468966722,0.9999914169311523,0.0002423931728117168,0.000714602239895612,0.00016421990585513413
c5d171c182aaed3b.jpg,0.0009563184576109052,0.0006401785067282617,0.009521842002868652,0.022310463711619377,0.9992190599441528,0.000563340203370899
b3eba582cc133e15.jpg,0.999991774559021,0.003710325574502349,0.00016575072368141264,0.0003589632688090205,0.0006018602871336043,0.0005129590281285346
ad3f92d5899aa981.jpg,0.9995425939559937,0.4919047951698303,6.055228732293472e-05,0.00020347295503597707,0.00027582712937146425,0.00034165868419222534
f4d4c4c68e5e2ad8.jpg,0.0004901144420728087,0.9999997615814209,0.00010775827104225755,0.00018253065354656428,0.00032366413506679237,0.00030298266210593283
a1d48349ee9a9af8.jpg,0.001559513621032238,0.00032267728238366544,0.9993919134140015,0.00016504671657457948,0.0924333781003952,0.0001825569343054667
edb5c2708ec25ec4.jpg,0.999997615814209,0.0031249793246388435,5.7487446611048654e-05,0.00017937978554982692,0.00026469904696568847,0.00027382190455682576
864e65893673aba5.jpg,0.0003884856414515525,0.9999997615814209,0.00011803902452811599,0.00019850494572892785,0.00031846010824665427,0.000342588871717453
c87cd4fc3f4a2063.jpg,0.9607698917388916,0.002483377465978265,0.00018604774959385395,0.00020562688587233424,0.5497353672981262,0.0006479112198576331
c36925f18505fc37.jpg,0.0001430431002518162,0.00018603834905661643,0.00023775448789820075,8.77900019986555e-05,0.9999997615814209,0.0009062565513886511
bc0ad0f8db49a8ad.jpg,0.0002584813628345728,0.9999998807907104,6.912308890605345e-05,0.00013009631948079914,0.00022514868760481477,0.00022917956812307239
ae8278c7d3fc888a.jpg,0.00016240870172623545,0.00013352678797673434,0.00021554314298555255,6.129091343609616e-05,0.9999985694885254,6.0979946283623576e-05
e8a5f0c6c587968b.jpg,0.9265697002410889,0.0011726297670975327,0.5140525698661804,0.00027324867551214993,0.9920001029968262,0.0007183213019743562
a05ed4e25f2a8769.jpg,0.0003735418140422553,0.9999997615814209,0.00010866093361983076,0.0001930919970618561,0.0003110040270257741,0.00034005401539616287
e9e907c9ca62da62.jpg,0.9999728202819824,0.004856544081121683,0.9999732971191406,0.0029353746213018894,0.018383540213108063,0.004017726052552462
fac5978e9c555242.jpg,0.9999890327453613,0.004245119169354439,0.000160902738571167,0.0004083517414983362,0.0005430199671536684,0.0005136797553859651
f939e0970f469a58.jpg,0.0003925283090211451,0.9999997615814209,0.00014768123219255358,0.00017572664364706725,0.0002709279942791909,0.00032515364000573754
d4b23e167dd6c290.jpg,0.9999794960021973,0.007576757110655308,0.00026803091168403625,0.0005588310887105763,0.0008682502084411681,0.0009378974791616201
bf22f63ed33ac010.jpg,0.0010026380186900496,0.0017859216313809156,0.0022183815017342567,0.9981032609939575,0.9998016953468323,0.00230602128431201
f4e0f3d6cdc21449.jpg,0.0002453999186400324,0.9999998807907104,7.340742740780115e-05,0.00012004510790575296,0.00020767904061358422,0.00023060123203322291
f61418f09ff68670.jpg,0.003230701433494687,0.0007636629743501544,0.99991774559021,0.0007224741275422275,0.002543644281104207,0.0004890441778115928
b56ac2d18d97da24.jpg,0.9999890327453613,0.004538642708212137,0.00022913544671609998,0.00036392538459040225,0.0006093060947023332,0.0005708427052013576
ab2130f71ffc030d.jpg,0.00029221296426840127,0.9999998807907104,8.836828055791557e-05,0.00015855122182983905,0.00024150803801603615,0.00028978404588997364
cd633c6f1138393c.jpg,0.0026020314544439316,0.00012728432193398476,0.9999970197677612,9.036471601575613e-05,0.00042751527507789433,8.043855632422492e-05
aded180ce7fd4418.jpg,0.999987006187439,0.004491044208407402,0.00022458245803136379,0.00045103495358489454,0.0007362096221186221,0.000693693698849529
aa9cc64b58e538b6.jpg,0.00020973205391783267,0.00020992492500226945,0.0023226554039865732,0.00012317685468588024,0.9999997615814209,0.00017162307631224394
ecb986c159db8352.jpg,0.0005928523605689406,0.0007294657989405096,0.0010436862939968705,0.9999995231628418,0.026473140344023705,0.0006927281501702964
f1a623120fbfb1c1.jpg,0.0039051419589668512,0.999924898147583,0.0014175598043948412,0.0011053854832425714,0.0017262191977351904,0.01688210852444172
d54a6887653e273c.jpg,0.0006862159352749586,0.9999997615814209,7.699830166529864e-05,0.00018680036009754986,0.0002896219084504992,0.00027946685440838337
c0fe2480de8fdc8e.jpg,0.9999903440475464,0.003691530553624034,0.00020867446437478065,0.0003270806046202779,0.0006359490216709673,0.0005071359919384122
8f1cdb3c606570c7.jpg,0.0015215948224067688,0.00022855594579596072,0.9999819993972778,0.00029339492903091013,0.0007726685144007206,0.0001804340718081221
ba0be0be4f7d05a0.jpg,0.8871457576751709,0.007018610835075378,0.9969531297683716,0.0019298354163765907,0.3853848874568939,0.0030413581989705563
b67042d2cf9e9554.jpg,0.00033268099650740623,0.9999997615814209,9.263015090255067e-05,0.00014127562462817878,0.00022556318435817957,0.0002679573080968112
c2ac827a58cfd175.jpg,0.9999915361404419,0.005078574176877737,0.0001272395602427423,0.00041627936298027635,0.0005478467210195959,0.0006881353911012411
e61642bf52b2bdc0.jpg,0.9999914169311523,0.003891643835231662,0.00012518020230345428,0.00043121675844304264,0.0004922374500893056,0.0005497862002812326
e9bec748c8e1640f.jpg,0.0003523554769344628,0.9999998807907104,0.00010712520452216268,0.00015722443640697747,0.00022639941016677767,0.00028191658202558756
c8bc744ab65106bf.jpg,0.00038971472531557083,0.9999997615814209,0.00011009313311660662,0.00015936378622427583,0.00023054145276546478,0.0002570620854385197
fab4498bcc2c3eb0.jpg,0.004904982168227434,0.0018847999162971973,0.9997138381004333,0.000977488700300455,0.05546374246478081,0.0010710331844165921
caea018ede1e80df.jpg,0.9999852180480957,0.005108123645186424,0.00022399354202207178,0.0005398525390774012,0.0007479217601940036,0.0007268791669048369
b30ef1602ed307ad.jpg,0.0004126696439925581,0.9999997615814209,9.1474452347029e-05,0.00018929062935058028,0.0002832906902767718,0.0002868866140488535
d14f0b2c06b6aa5f.jpg,0.000986717757768929,0.0010593432234600186,0.0002904883003793657,0.000647523847874254,0.0005239919410087168,0.9999985694885254
84da779c55665c31.jpg,0.0012356984661892056,0.0009407685720361769,0.00024407847377005965,0.0007395492866635323,0.00034327624598518014,0.9999974966049194
df1026c0dc7f36c4.jpg,0.0004066657565999776,0.9999996423721313,0.00012968930241186172,0.0001588540180819109,0.0003245444386266172,0.0002739769988693297
f9899391939797c0.jpg,0.0023350182455033064,0.0003620981879066676,0.9999569654464722,0.00038254729588516057,0.0015979900490492582,0.00031967347604222596
b1ac922d9b694ba5.jpg,0.0013476649764925241,0.0001671604550210759,0.999993085861206,0.00020078617671970278,0.0007601604447700083,0.00010361690510762855
e1a64386c9d6295f.jpg,0.011655163951218128,0.00026536386576481164,0.10811328887939453,9.181283530779183e-05,0.9999984502792358,6.526847573695704e-05
acd0254acb9679a7.jpg,0.0007961952360346913,0.0011245694477111101,0.0011204610345885158,0.9999973773956299,0.0012672111624851823,0.0005522788851521909
bb2fc40f2ec63641.jpg,0.001431089243851602,0.00024047544866334647,0.9999886751174927,0.00026125655858777463,0.0009851636132225394,0.0001618617243366316
a5976e1d847b30c9.jpg,0.00036562400055117905,0.9999997615814209,0.0001138631341746077,0.0001624218566576019,0.0002883077540900558,0.00033387282746843994
d5e990d29b124f17.jpg,0.00029709498630836606,0.9999998807907104,6.460335134761408e-05,0.0001513035676907748,0.00022908192477189004,0.00022480163897853345
d3d111a56bd961a9.jpg,0.0009002292063087225,0.00033916885149665177,0.3478964865207672,0.0022417595610022545,0.9999945163726807,0.0005359983770176768
dca7c8c49d8433ea.jpg,0.999996542930603,0.00286708096973598,7.987696153577417e-05,0.000176601271959953,0.00030074850656092167,0.0002794396714307368
c3a9349f134c8fc9.jpg,0.0003046417550649494,0.9999998807907104,7.460288179572672e-05,0.00013823009794577956,0.00020522711565718055,0.0002571780059952289
9a9164437f2e7632.jpg,0.9999957084655762,0.003090264741331339,9.91088745649904e-05,0.0002470332838129252,0.00035714663681574166,0.00037202841485850513
968155652ff1d8c5.jpg,0.0010135889751836658,0.001389981945976615,0.0012446523178368807,0.9999912977218628,0.0012073219986632466,0.0008999311248771846
cd73219686dfb40c.jpg,0.0012086632195860147,0.0001916289038490504,0.9999896287918091,0.000192969964700751,0.0007808227674104273,0.0001132473407778889
b7b891ce3dc4c01b.jpg,0.9999922513961792,0.003798141609877348,0.00017270902753807604,0.00040818186243996024,0.0006395747186616063,0.0005407872959040105
bcdbb16d2868b1c2.jpg,0.0003279861412011087,0.9999998807907104,9.922234312398359e-05,0.00014790247951168567,0.00029881816590204835,0.00031635185587219894
cd1d4288f755f22a.jpg,0.9999921321868896,0.003980685491114855,0.00015024012827780098,0.0003302204131614417,0.0005506565212272108,0.00054853071924299
9093b515e96a578b.jpg,0.0010642912238836288,0.0010679928818717599,0.00026252775569446385,0.0005846655112691224,0.0005399866495281458,0.9999978542327881
81c36e378473c93e.jpg,0.0007449331460520625,0.0008174934191629291,0.00015446629549842328,0.0005146205076016486,0.0003319222596473992,0.9999992847442627
e4f4b4851486576f.jpg,0.9999040365219116,0.014623213559389114,0.0009329479071311653,0.0013639539247378707,0.001869977219030261,0.001966102747246623
fa097412696aae2f.jpg,0.00230709882453084,0.05805441737174988,0.0006940120365470648,0.0013179158559069037,0.0008890824392437935,0.9998180270195007
a0b8968dc5eb6726.jpg,0.0012383819557726383,0.0002713193534873426,0.9999867677688599,0.00020384423260111362,0.0008884628769010305,0.00014424088294617832
bcc1c2f009237d3f.jpg,0.999991774559021,0.003447755239903927,0.00017647417553234845,0.0003187945403624326,0.0005627641221508384,0.0004703908634837717
e49bc2e18e0fc87c.jpg,0.0019027258967980742,0.00031391376978717744,0.9999592304229736,0.00034193156170658767,0.0012885340256616473,0.0002462206466589123
9a962f656993095b.jpg,0.0008910839096643031,0.000826301344204694,0.00042893789941444993,0.0006720657693222165,0.0005679230089299381,0.9999983310699463
b515c1d076cb60be.jpg,0.0004152742330916226,0.9999997615814209,0.00011976897076237947,0.00020731084805447608,0.0003556509909685701,0.0003593976143747568
c95f80dded04be24.jpg,0.0006410867208614945,0.0009052986279129982,0.0008540069102309644,0.9999974966049194,0.0012228324776515365,0.00048683860222809017
876b8b130b19578f.jpg,0.999991774559021,0.0029678065329790115,9.364019933855161e-05,0.00033575191628187895,0.0006445167819038033,0.00037036873982287943
ceb331cca3334475.jpg,0.0004304639296606183,0.9999997615814209,0.00010314676183043048,0.00021519468282349408,0.0002945836167782545,0.0002884686109609902
d1c06185fdfb308e.jpg,0.0003104429051745683,3.827481850748882e-05,0.9999995231628418,4.1381306800758466e-05,0.00019654774223454297,2.596990998426918e-05
9f9f5ae2f7740040.jpg,0.9999963045120239,0.0023680799640715122,7.671562343603e-05,0.00015965824422892183,0.0002820391673594713,0.0003130252880509943
d0e6ce90aee684ec.jpg,0.0007469658739864826,0.0004857092280872166,0.00023595959646627307,0.00018329385784454644,0.9999829530715942,0.0002520338457543403
84d4797155b69a8b.jpg,0.9999862909317017,0.005309895146638155,0.000209109450224787,0.0006193526787683368,0.0006932095857337117,0.0007848989916965365
a90a95e0dac37ada.jpg,0.9999958276748657,0.0026077229995280504,9.684823453426361e-05,0.00021431890490930527,0.00036502358852885664,0.000290476658847183
bbdfd088d8b103a3.jpg,0.9999771118164062,0.007211777847260237,0.0002774391323328018,0.0006334420177154243,0.0009517609723843634,0.0008457477088086307
ddaac8c3c3612f61.jpg,0.9999849796295166,0.0060997214168310165,0.00021008250769227743,0.0004878220206592232,0.0006967779481783509,0.0007143801776692271
af53c8c83a9ce332.jpg,0.0012510427040979266,0.0018044147873297334,0.0011279091704636812,0.9999915361404419,0.0022215312346816063,0.0007585218991152942
b0a4cb63add363c8.jpg,0.0015734004555270076,0.000326394074363634,0.9999817609786987,0.00034979573683813214,0.0007307623163796961,0.00017459910304751247
a0260ff0da9f525d.jpg,0.030599769204854965,0.006726654712110758,0.9962687492370605,0.002407301217317581,0.09500288218259811,0.003278316231444478
a9f1910b7e6c12b6.jpg,0.949135959148407,0.005653337109833956,0.5703772902488708,0.9376929998397827,0.010715926066040993,0.0011041342513635755
a1a5f290d28fc3ab.jpg,0.0004537828790489584,0.00011057078518206254,0.9999982118606567,0.0001069139689207077,0.0003597373142838478,5.5126271035987884e-05
c933888f37b9b813.jpg,0.0007670259801670909,0.9999991655349731,0.00023521363618783653,0.00036824613926000893,0.0005926918820478022,0.0005197817808948457
8fc92789391ced45.jpg,0.9999805688858032,0.006024609319865704,0.00036281583015806973,0.0005604180041700602,0.000951094669289887,0.0008792036096565425
b4f43aac7943a946.jpg,0.9999511241912842,0.004018727689981461,0.0003303835110273212,0.00048820319352671504,0.0021976283751428127,0.0008994027157314122
ea89d535777880d8.jpg,0.0007889922708272934,0.000111568791908212,0.9999978542327881,8.373388845939189e-05,0.00035969342570751905,5.763130684499629e-05
ac4fd4118a9e2df8.jpg,0.9999983310699463,0.0006281688110902905,0.15372388064861298,0.00010700034908950329,0.00018884858582168818,0.0003607516409829259
f039d848dad84bdc.jpg,0.007082437630742788,0.004149688873440027,0.0011229224037379026,0.9997305274009705,0.1950305551290512,0.002445288933813572
efaa823acae36213.jpg,0.00036899378756061196,0.9999997615814209,0.00011116229143226519,0.0001821830664994195,0.00031791525543667376,0.000293504330329597
84c0cf8a79d77b84.jpg,0.0005172265809960663,0.9999995231628418,0.000137848241138272,0.0002573693636804819,0.00032221924629993737,0.00039952818769961596
c4fd7228b6d1f141.jpg,0.9999096393585205,0.014792446047067642,0.0008789129788056016,0.001488963607698679,0.001971002435311675,0.002251921221613884
da8d3d93719038f1.jpg,0.0019002886256203055,0.0018304294208064675,0.001179640763439238,0.0007046815590001643,0.9998990297317505,0.000792739330790937
c2249ada9d6cc59e.jpg,0.00039747351547703147,0.9999998807907104,0.0001140697204391472,0.00018767335859593004,0.0002563791931606829,0.00035402888897806406
85ba78d641bd851e.jpg,0.9999973773956299,0.002062296960502863,6.296679202932864e-05,0.00014534873480442911,0.00028235826175659895,0.0002519812260288745
eb9f863dc248d560.jpg,0.0002711988054215908,0.9999998807907104,7.509064744226635e-05,0.00015634091687388718,0.00024037824186962098,0.00025526672834530473
f3c2b783d2afc240.jpg,0.014550709165632725,0.004812898579984903,0.9982330799102783,0.005850745365023613,0.03360052779316902,0.0030462094582617283
85e65a929bd36338.jpg,0.0007705277530476451,0.0006765159778296947,0.00023612410586792976,0.0006242296076379716,0.0004222296120133251,0.9999992847442627
bcb79490169ee29c.jpg,0.9983810186386108,0.8287227749824524,0.00011790807184297591,0.0004502121009863913,0.0004933528834953904,0.0005489271716214716
f010f28b873a3bd9.jpg,0.00017506303265690804,0.000230867211939767,9.714772750157863e-05,9.427786426385865e-05,0.9999995231628418,0.0034289457835257053
ebc5840065f5e2fa.jpg,0.9999903440475464,0.0036404533311724663,0.00019543379312381148,0.00036924166488461196,0.0006526081124320626,0.0005630344967357814
e7c0af854e15b4a9.jpg,0.0007854967843741179,0.0006175063317641616,0.00042981281876564026,0.9999977350234985,0.001064328826032579,0.0003605793754104525
bc231ac4631ba75e.jpg,0.0007663220167160034,0.0007579423254355788,0.0008293986320495605,0.00042295013554394245,0.0010050012497231364,0.9999957084655762
b1c0dc26ed7f8185.jpg,0.0004406272491905838,0.9999996423721313,0.00013337205746211112,0.00018706487026065588,0.00034107238752767444,0.0003244760737288743
f2a19a8d38de2c33.jpg,0.0006828919285908341,0.0001255633687833324,0.9999961853027344,0.00012129537935834378,0.0003818983677774668,8.201570017263293e-05
f670687e24c04bed.jpg,0.018789881840348244,0.00036308850394561887,1.6175621567526832e-05,0.011812418699264526,0.9976207613945007,0.0003453406097833067
f53dc01296d82aed.jpg,0.00027983399922959507,0.9999998807907104,8.112545765470713e-05,0.00015001939027570188,0.00025798450224101543,0.00024096592096611857
cd8663d9c344aeaa.jpg,0.00036025914596393704,0.9999997615814209,0.00010578112414805219,0.00015289074508473277,0.00033688967232592404,0.00030685332603752613
e58c9c9898999abb.jpg,0.0014020350063219666,0.00028168284916318953,0.999983549118042,0.0002943149593193084,0.0009998420719057322,0.00019119525677524507
bdb31a9d94d1d301.jpg,0.002635139273479581,0.0005078252870589495,0.9999675750732422,0.0004404649662319571,0.0014846898848190904,0.000257581181358546
dba6c9d28589b594.jpg,0.008625148795545101,0.0033596090506762266,0.9995126724243164,0.0012062776368111372,0.002854794729501009,0.000795989646576345
86e3c61f2b3d21c5.jpg,0.9999845027923584,0.005795101169496775,0.00021199992625042796,0.0004364356864243746,0.000726936967112124,0.0006588148535229266
a50e0048fbe54f6f.jpg,0.0002487358869984746,4.2742576624732465e-05,0.9999995231628418,6.192552973516285e-05,0.00017259278683923185,2.9051368983346038e-05
c1a70ac1bf08f71e.jpg,0.9999732971191406,0.008489841595292091,0.00029378736508078873,0.0007791136158630252,0.0009183728834614158,0.001089066849090159
c5d74a668d26d81b.jpg,0.00043135759187862277,6.672727613477036e-05,0.9999988079071045,8.48122508614324e-05,0.0003206019464414567,4.513536987360567e-05
b4034b684fa4bef2.jpg,0.9999891519546509,0.005541449412703514,0.0001792177208699286,0.000546214752830565,0.0007573784678243101,0.0006985252257436514
c8e63fc07b497158.jpg,0.0013810889795422554,0.0005201505264267325,0.9999706745147705,0.000600192230194807,0.00233963830396533,0.0002881168038584292
e3d4b18fe0f098e2.jpg,0.0005151524674147367,0.9999996423721313,0.0001406501978635788,0.00020845633116550744,0.00032975542126223445,0.00039174669655039907
ed26d2939cda3185.jpg,0.0011437066132202744,0.00024807723821140826,0.9999911785125732,0.00023899131338112056,0.0007558639044873416,0.00014546755119226873
e4d4872973870bda.jpg,0.0009872594382613897,0.0010665460722520947,0.0011329170083627105,0.9999970197677612,0.15315863490104675,0.0009283397230319679
b0fddb8b988c3d80.jpg,0.0012814695946872234,0.0013687537284567952,0.0012565306387841702,0.9999942779541016,0.21023304760456085,0.0013113829772919416
a84bd03d95be07b2.jpg,0.00030288618290796876,0.9999998807907104,7.306814222829416e-05,0.0001873815490398556,0.0002455421781633049,0.00029711058596149087
bfbbc8082d21bca5.jpg,0.9999985694885254,0.0017020918894559145,5.0185484724352136e-05,0.0001572610199218616,0.0002224814670626074,0.00022062948846723884
b7a5284380dce35f.jpg,0.999966025352478,0.009656247682869434,0.000477046676678583,0.0008250620448961854,0.0012640348868444562,0.0013008223613724113
d2dde6604dc5a534.jpg,0.001280883327126503,0.0010869235266000032,0.00034092998248524964,0.0008031287579797208,0.0006180866039358079,0.9999967813491821
e25702add52add25.jpg,0.0006263753166422248,0.0006954043637961149,0.000787231489084661,0.9999974966049194,0.0009826916502788663,0.0004809193778783083
a4f07b925b0952dd.jpg,0.0031431918032467365,0.0007389853708446026,0.9999287128448486,0.0007737549603916705,0.0017101085977628827,0.0004578793013934046
e0f1857b3f6024d3.jpg,0.9999865293502808,0.005937609355896711,0.00021862650464754552,0.0004824619391001761,0.0008048418094404042,0.0007314538233913481
dad5d6250cae80b7.jpg,0.9999872446060181,0.002528923563659191,0.00026352080749347806,0.00039088548510335386,0.001481269602663815,0.0004700784047599882
d52997d22a342de6.jpg,0.0006589869153685868,0.00010958702478092164,0.9999964237213135,8.415422053076327e-05,0.00038767693331465125,5.9984980907756835e-05
dd13ded28a042dec.jpg,0.9999971389770508,0.002343874890357256,7.571730384370312e-05,0.00020136327657382935,0.00034742197021842003,0.00030918969423510134
f0c115ae3c593799.jpg,0.0010475462768226862,0.002042712178081274,0.0014848440187051892,0.9999877214431763,0.004903986118733883,0.0008346555405296385
af98918559879d4b.jpg,0.0005155408289283514,0.00010206522711087018,0.9999974966049194,7.759897562209517e-05,0.0004412270209286362,5.5668922868790105e-05
b8b0ee5bb4058f1a.jpg,0.005349981132894754,0.9999948740005493,0.00024847660097293556,0.0004300498985685408,0.000542163266800344,0.0011026215506717563
d0e6358569cd6b58.jpg,0.9999932050704956,0.003624262288212776,0.0001437845639884472,0.0002937862300314009,0.0005084489239379764,0.00044781374162994325
b5d5508f3c64b525.jpg,0.9999961853027344,0.002895092824473977,0.9999804496765137,0.000731655687559396,0.3095306158065796,0.003121086861938238
a465ee52524dbba8.jpg,0.00033130956580862403,0.9999998807907104,8.929925388656557e-05,0.0001863049837993458,0.0002689473330974579,0.0002806010015774518
f8eddac2c48a970c.jpg,0.0007404406787827611,0.0001674480881774798,0.9999960660934448,0.0002558363485150039,0.0006273598992265761,9.432912338525057e-05
e1c1cbdb4ea89a94.jpg,0.9999922513961792,0.004132142756134272,0.000122579513117671,0.00035289532388560474,0.0005225987988524139,0.0005375968175940216
94526a8c7db3ce25.jpg,0.9999868869781494,0.0052971686236560345,0.0001832136622397229,0.0007093255408108234,0.0007251204224303365,0.0008585757459513843
c29e2f3f878380cb.jpg,0.9999922513961792,0.006608067080378532,9.261601371690631e-05,0.00036411714972928166,0.0004546015989035368,0.0006655884208157659
b6a0941a8afdc9ad.jpg,0.0002420769742457196,0.9999998807907104,6.674497126368806e-05,0.0001432032004231587,0.00023269215307664126,0.0002456506190355867
c35a1f20e15aeb55.jpg,0.00045989188947714865,0.00011319735494907945,0.9999984502792358,0.000250024109845981,0.0003628386475611478,6.43822640995495e-05
f60fd26e87641aa1.jpg,0.9999946355819702,0.0031931009143590927,0.00010969440336339176,0.00026840579812414944,0.00041052515734918416,0.0004053587035741657
f4c5db81692b269a.jpg,0.0003007554041687399,0.9999998807907104,9.46888976613991e-05,0.0001560877135489136,0.00021673901937901974,0.0002656678843777627
b4bd8f0960f0f0f8.jpg,0.0005214252742007375,0.9999997615814209,0.00014194943651091307,0.00022019719472154975,0.00035506184212863445,0.0003341944538988173
9f8fe0cbca84d252.jpg,0.003758869366720319,0.00118685991037637,0.9998811483383179,0.0014536426169797778,0.003581700846552849,0.0006618336192332208
ff261a82da0f929a.jpg,0.999994158744812,0.004029927775263786,0.00010869553807424381,0.00032524942071177065,0.00046276432112790644,0.0004548851284198463
a0a70f5a72d05eec.jpg,0.9999878406524658,0.0027484362944960594,0.00018531459500081837,0.00031753419898450375,0.0009842864237725735,0.000497451750561595
8667becc193d118d.jpg,0.0007315403199754655,0.00010965372348437086,0.9999966621398926,0.0001450043055228889,0.0005668565281666815,8.811424777377397e-05
f5ff87209ee10486.jpg,0.0008746305829845369,0.9999988079071045,0.00032252934761345387,0.00044093781616538763,0.0006556606967933476,0.0008190844091586769
cff02d717850c0b7.jpg,0.003006576094776392,0.9999984502792358,0.00020279873569961637,0.0003289582091383636,0.0005074904183857143,0.0007092420710250735
f5911bdc49aca8d2.jpg,0.0035741955507546663,0.026978015899658203,0.9989956021308899,0.0004471664142329246,0.0012917036656290293,0.0005889985477551818
dab2c193c49da18f.jpg,0.0002556919935159385,0.9999998807907104,7.422104681609198e-05,0.0001231426722370088,0.0002554882667027414,0.0002143227611668408
b5e8da8c231a1bc7.jpg,0.0005438373191282153,0.000904985994566232,0.0020431613083928823,0.9999988079071045,0.0004294513782951981,0.0005360139766708016
c1e0281d2fbf0eb6.jpg,0.999996542930603,0.0021033589728176594,6.0630060033872724e-05,0.0001794276904547587,0.0002575495163910091,0.0002554361417423934
ff3dc6038f5a80e0.jpg,0.9999947547912598,0.0028903367929160595,0.00010744316386990249,0.00029464400722645223,0.00045418189256452024,0.00037047750083729625
9e20ef2a2179d89d.jpg,0.0004125767736695707,0.9999997615814209,0.00011005744454450905,0.0002086088206851855,0.0003209004062227905,0.00032710368395783007
e800dc769d37607e.jpg,0.9999856948852539,0.005466206930577755,0.00020569648768287152,0.0004361605679150671,0.0006331749027594924,0.0006323228008113801
80c43018ef70fef7.jpg,0.9999942779541016,0.0030477175023406744,0.0001333417894784361,0.00026467128191143274,0.00046541710617020726,0.000411384244216606
ea918d67a3c6331c.jpg,0.001084384392015636,0.0003422030422370881,0.9999818801879883,0.0004197963571641594,0.001362149021588266,0.00019937256001867354
858d87da1e583e72.jpg,0.9999915361404419,0.0017967296298593283,0.00502123823389411,0.00022985028044786304,0.00028370614745654166,0.0003833608643617481
bfc5834eb185a3a8.jpg,0.009083672426640987,0.9999986886978149,7.429278048221022e-05,0.00019565100956242532,0.0002616159908939153,0.00031741251586936414
864b1ecd446d2d3d.jpg,0.9999948740005493,0.0034172609448432922,7.801783067407086e-05,0.00026551797054708004,0.00032769705285318196,0.0003306028083898127
f4c2841ff83143bb.jpg,0.0003326914447825402,0.9999997615814209,9.975846478482708e-05,0.000188209000043571,0.00029606858151964843,0.000287936651147902
b33dc2a41f9b38d0.jpg,0.9999558925628662,0.0011378114577382803,0.026799088343977928,0.00015395958325825632,0.0003381202695891261,0.00034494115971028805
8fbc33c7895a330c.jpg,0.00035515206400305033,0.0005312718567438424,0.0007561856764368713,0.9999994039535522,0.0005339572089724243,0.0003034862456843257
9fc0755e9065bd42.jpg,0.00046599822235293686,6.163390935398638e-05,0.9999990463256836,8.585389150539413e-05,0.00026232533855363727,3.970578109147027e-05
cbe3ad8ca8898bb4.jpg,0.9999759197235107,0.006083311978727579,0.00036685564555227757,0.0007377012516371906,0.00112677994184196,0.0009851970244199038
b0e1870fbe96668a.jpg,0.0018069156212732196,0.0023378648329526186,0.005965531803667545,0.9999737739562988,0.005650566425174475,0.0015673552406951785
c2963c6de14ede18.jpg,0.0005036878865212202,7.85459706094116e-05,0.9999982118606567,0.00010860240581678227,0.00032622949220240116,6.328318704618141e-05
da1e1c1e47c686c7.jpg,0.0007802239852026105,0.000963377533480525,0.00016294012311846018,0.00038146041333675385,0.00022586963314097375,0.9999988079071045
f026cd80cf0d1e7e.jpg,0.0011346639366820455,0.002317209728062153,0.002299155341461301,0.99998939037323,0.0008889955934137106,0.0006643605302087963
ead56388448a5fdc.jpg,0.0008682621992193162,0.9999995231628418,0.00015935194096527994,0.00031806231709197164,0.0004037971084471792,0.0005668630474247038
ea775f42f0f86018.jpg,0.002054668264463544,0.0007896078750491142,0.9999016523361206,0.0005648679798468947,0.005815891548991203,0.0004667263710871339
d8f4cc9c3d2831f2.jpg,0.9999843835830688,0.005896379705518484,0.00021468456543516368,0.0005104300798848271,0.0006928460206836462,0.0007440190529450774
80f16ecf7844c5b5.jpg,0.006413337308913469,0.012356736697256565,0.003749495605006814,0.9997063279151917,0.0051731932908296585,0.004464652389287949
958e956912b5a4be.jpg,0.9999948740005493,0.00207126815803349,9.405302262166515e-05,0.00019544571114238352,0.0004161252290941775,0.0003556703159119934
9429cad705ce38e7.jpg,0.0005719455657526851,0.9999996423721313,0.0001415765000274405,0.00025388464564457536,0.00040958894533105195,0.00035568184102885425
c5805a8b4574bbaf.jpg,0.0025841491296887398,0.0006015775725245476,0.9999635219573975,0.0006717175128869712,0.002694937866181135,0.0003561580670066178
aad535b55192a59a.jpg,0.00047951407032087445,0.9999997615814209,0.00012239707575645298,0.00021891355572734028,0.0003182673535775393,0.0003893610555678606
bdf040a1ffa681c6.jpg,0.000819989072624594,0.00012753813643939793,0.9999955892562866,0.00012921937741339207,0.0003844020247925073,6.371401832439005e-05
de8f68644dc2746c.jpg,0.9992094039916992,0.3619556427001953,0.0004838391614612192,0.0013290884671732783,0.001271650311537087,0.002190761035308242
af92c3af0ad0dbc0.jpg,0.00041401307680644095,6.486750498879701e-05,0.9999988079071045,8.736942982068285e-05,0.0003105962823610753,4.221125345793553e-05
b962a0a79fa43696.jpg,0.000520605593919754,0.0005718717002309859,0.0007373386179096997,0.999998927116394,0.0006956920260563493,0.0003332272754050791
f1c28fda8ab90327.jpg,0.9999895095825195,0.005075584631413221,0.00015857360267546028,0.0003802586579695344,0.0005097715184092522,0.0005205869674682617
b045d7fd9254d0b2.jpg,0.00025113028823398054,0.9999998807907104,6.82044992572628e-05,0.00014774488226976246,0.00022042932687327266,0.0002592192904558033
a4a7c7d04cdb4b54.jpg,0.0002452163025736809,0.9999998807907104,6.485952326329425e-05,0.00014100619591772556,0.00022666506993118674,0.00021854086662642658
dcb46ac7010af5f4.jpg,0.999975323677063,0.00580015080049634,0.0003910353116225451,0.0006367440801113844,0.001162805245257914,0.0011449635494500399
8646661781979f9b.jpg,0.00032478771754540503,5.547088585444726e-05,0.9999992847442627,5.284487997414544e-05,0.00019773910753428936,2.9403536245808937e-05
eb86af608b34d954.jpg,0.0005084290751256049,0.0001091876401915215,0.9999967813491821,0.00015051788068376482,0.0007395856082439423,6.846882024547085e-05
e68b3971c71cc38c.jpg,0.999991774559021,0.004008548799902201,0.0001614022912690416,0.00047297478886321187,0.0006218220805749297,0.0006241397932171822
b2bad2682d9d0d65.jpg,0.0025239763781428337,0.002353800693526864,0.0015572468983009458,0.001741459360346198,0.002033485099673271,0.99997878074646
f173c064ed07b07c.jpg,0.9999918937683105,0.0043241665698587894,0.0001244630984729156,0.0004555711930152029,0.0005436883075162768,0.0005553746013902128
feb401c5bd17514a.jpg,0.0002724279765971005,0.9999998807907104,7.862646452849731e-05,0.0001447078975616023,0.00026173025253228843,0.0002481960109435022
d46374d28e35724e.jpg,0.0005843836115673184,0.0006924558547325432,0.0005565810133703053,0.9999982118606567,0.0009899423457682133,0.00044208651524968445
f8fad7136b8a2103.jpg,0.0005177882267162204,0.0006561148329637945,0.0010649089235812426,0.9999988079071045,0.000789460027590394,0.00044684234308078885
ab7e0ea05541f0bd.jpg,0.00044404034269973636,0.9999997615814209,0.00012013922969345003,0.0002463359269313514,0.00034843149478547275,0.0003729740565177053
fd99c9c11e077039.jpg,0.00028312599170021713,0.9999998807907104,8.908746531233191e-05,0.00014602288138121367,0.0002581461740192026,0.00024348111764993519
94d8babc5a2d4a27.jpg,0.0003779602702707052,0.9999997615814209,0.00011155869287904352,0.00019952411821577698,0.0003680345544125885,0.0002909955510403961
ec3c338d57320f52.jpg,0.0009685616823844612,0.00014509267930407077,0.9999933242797852,0.00022666245058644563,0.0006971930270083249,0.00012036053522024304
c815e221fae13fd1.jpg,0.9999505281448364,0.012000003829598427,0.00042339711217209697,0.0012073025573045015,0.0011686867801472545,0.0014922446571290493
da0fe22ace55d02e.jpg,0.0003946488141082227,0.9999998807907104,7.725417526671663e-05,0.0001253862865269184,0.0002041813568212092,0.0002469941973686218
d375275f98c88d42.jpg,0.00033194347633980215,0.0005435761413536966,0.001661578193306923,0.9999994039535522,0.0004933700547553599,0.0003244061372242868
f21bfc412dac0aab.jpg,0.0005976483225822449,0.0005963361472822726,0.7737400531768799,0.00019533841987140477,0.9995710253715515,0.0003274697228334844
952bbdd2cc571294.jpg,0.9999891519546509,0.005129439290612936,0.0001658261171542108,0.00046331496560014784,0.0006444139289669693,0.0006831041537225246
c82933c21f623f9b.jpg,0.9999898672103882,0.004133791197091341,0.0001884093799162656,0.0003975781437475234,0.0005988225457258523,0.0005957411485724151
d4c86b45febb1442.jpg,0.9999948740005493,0.0035488279536366463,8.387253910768777e-05,0.00024172986741177738,0.000365890737157315,0.00037254675407893956
c09a3f8d684f1579.jpg,0.004848210606724024,0.8473467230796814,0.7625404596328735,0.0009553850977681577,0.00412557041272521,0.0013061508070677519
9eb78a04a15dda1b.jpg,0.0006339179235510528,0.0005774642340838909,0.0006764855934306979,0.999997615814209,0.0009180802735500038,0.00047682420699857175
dd765d662834605d.jpg,0.002012640470638871,0.0021375631913542747,0.004612813703715801,0.001439475454390049,0.9998387098312378,0.0010164270643144846
85e16fe5685a5670.jpg,0.0019446254009380937,0.0027594980783760548,0.0029129621107131243,0.9999767541885376,0.0030284037347882986,0.0014184409519657493
f0b4ca4272533e7c.jpg,0.000761119881644845,0.00010824736091308296,0.9999954700469971,0.00011228858056711033,0.0003739593958016485,8.147495100274682e-05
bf78c0b1c24d07cb.jpg,0.0006931890966370702,0.0006604984519071877,0.0006972894188947976,0.9999979734420776,0.0008319839253090322,0.000462026713648811
b1daf9c8e1d0aa91.jpg,0.00035922686220146716,0.9999998807907104,8.82662134245038e-05,0.00016349385259673,0.00030366945429705083,0.00026254329713992774
959f89e2363581c7.jpg,0.0002478864334989339,0.00021035507961641997,0.001171672367490828,0.00010827274672919884,0.9999991655349731,0.0001941981608979404
c7c3877e8c449f90.jpg,0.001250691246241331,0.0013240926200523973,0.0013411868130788207,0.9999912977218628,0.0034044773783534765,0.0007713806699030101
dd9b1bd851f03033.jpg,0.000620465783867985,0.9999997615814209,9.406307071913034e-05,0.00013642318663187325,0.00020167820912320167,0.0003601578646339476
a8745b6b9d62863c.jpg,0.0003546903608366847,0.9999997615814209,9.730571764521301e-05,0.00017175126413349062,0.0003147108945995569,0.0002657970762811601
db9961a5d34242cf.jpg,0.002479763235896826,0.0005041278200224042,0.999968409538269,0.0003864147001877427,0.0011943608988076448,0.00024627274251542985
c75392de6cea2a21.jpg,0.0033560122828930616,0.0009526241337880492,0.9998917579650879,0.000608381989877671,0.0058005573228001595,0.0005302476929500699
ffe0425fac2b08a6.jpg,0.9999978542327881,0.0018445126479491591,5.9594076446956024e-05,0.0001316553825745359,0.00023604667512699962,0.0002251094119856134
ca4835dc6de52372.jpg,0.0006764237186871469,0.000670568086206913,0.00019434725982137024,0.0005838549695909023,0.00044458164484240115,0.9999994039535522
9b3c78e0c0c7d783.jpg,0.00028688524616882205,4.7123692638706416e-05,0.9999994039535522,4.7851553972577676e-05,0.00022294270456768572,3.1169289286481217e-05
9788f0cee3f0e461.jpg,0.002384849591180682,0.00036046787863597274,0.9999736547470093,0.00032358270254917443,0.0008903107373043895,0.000197745903278701
c0f86a3d2cb435ba.jpg,0.9999985694885254,0.0015508322976529598,0.9522945880889893,0.00023793341824784875,0.000206409691600129,0.000545258168131113
b5daccc08a49e4f3.jpg,0.9999817609786987,0.007866540923714638,0.0002770136052276939,0.0008241785108111799,0.0010798841249197721,0.0010859991889446974
e9f1cc9ba00772b8.jpg,0.00041576099465601146,7.350878149736673e-05,0.9999983310699463,6.956447759876028e-05,0.000284810783341527,4.023215296911076e-05
d3c16b8994362a7e.jpg,0.00026472299941815436,0.9999998807907104,7.648442988283932e-05,0.0001378749293508008,0.0002503733558114618,0.00022439433087129146
f5cfd892d0c3c4c4.jpg,0.0005311206914484501,0.0006802573916502297,0.15305063128471375,0.0001870054693426937,0.9999890327453613,0.0004734017129521817
8e8f67d0e1e3e141.jpg,0.9999943971633911,0.002969038672745228,0.00011677572183543816,0.00025729305343702435,0.00042712828144431114,0.0003928468795493245
a9e067a55e7a862a.jpg,0.9999942779541016,0.0034717496018856764,0.00013872579438611865,0.00032738447771407664,0.0005066110752522945,0.0004693984519690275
8fc97529613d34b8.jpg,0.0005050534964539111,0.0005344841629266739,0.0011305160587653518,0.9999985694885254,0.0008331342251040041,0.00038647305336780846
8aba6e9603cf27c2.jpg,0.0005122300353832543,0.9999996423721313,0.00014156273391563445,0.0002554865786805749,0.00029461144004017115,0.0003845301107503474
a8962a4dc29f75a5.jpg,0.000795138708781451,0.0009421572904102504,0.00024298530479427427,0.0005864229751750827,0.0004336180572863668,0.9999986886978149
f0f007e1fc4f0969.jpg,0.9999487400054932,0.01308012567460537,0.0004966524429619312,0.001184747088700533,0.0013982320670038462,0.001630138256587088
ff3ae03f80710f60.jpg,0.0005462805856950581,0.0005802114028483629,0.00047006006934680045,0.9999984502792358,0.0009389248443767428,0.0003245459811296314
ac84f4fd9568f0e0.jpg,0.9999872446060181,0.0059094722382724285,0.0002185612975154072,0.0005026343860663474,0.0008293492719531059,0.0007771212258376181
abafa0a5719481f3.jpg,0.0005420687375590205,0.000755901332013309,0.0006864559836685658,0.9999984502792358,0.0007629490573890507,0.00039377357461489737
b4bb49412c83f8de.jpg,0.0004202818381600082,0.9999997615814209,9.927761857397854e-05,0.00019101740326732397,0.00029467997956089675,0.00028012203983962536
a59f82684e36789d.jpg,0.9997780919075012,0.0012931906385347247,0.9999921321868896,0.0007059906492941082,0.9979220032691956,0.00286778062582016
d1934786c85e497d.jpg,0.0007338619907386601,0.00020364743249956518,0.999994158744812,0.0002539066772442311,0.0007232539355754852,0.00011532167991390452
afac71d04350cf59.jpg,0.9999758005142212,0.00645162258297205,0.0003420345892664045,0.0005660043098032475,0.0008747035171836615,0.0008733440190553665
89d12bd9a3678da2.jpg,0.0004031182616017759,0.9999997615814209,0.00013218194362707436,0.00018840540724340826,0.0002705637598410249,0.0003388435288798064
fd81a7dc999a3488.jpg,0.0004941944498568773,0.9999996423721313,0.00013498465705197304,0.0002575090038590133,0.0004099899379070848,0.00032884214306250215
80bcfd9f60f06307.jpg,0.0008949805051088333,0.0007983060786500573,0.0007066843099892139,0.000532647711224854,0.0007335837581194937,0.9999970197677612
8052c7272b3b3f5c.jpg,0.0011648640502244234,0.0013733506202697754,0.003409068798646331,0.001004037563689053,0.9999459981918335,0.0009275940246880054
8ef17172184eaf89.jpg,0.9999512434005737,0.009764584712684155,0.0005219468730501831,0.0009596056770533323,0.0012317730579525232,0.0013795280829071999
88e21dc2dedcc69c.jpg,0.9999980926513672,0.0016746025066822767,5.6273333029821515e-05,0.00014968588948249817,0.0002444068086333573,0.0002173285756725818
ad93f5c1d26d48a4.jpg,0.009258954785764217,0.0017352169379591942,0.9997759461402893,0.0019849638920277357,0.13170243799686432,0.0012345538707450032
e4c1f5cd983c9269.jpg,0.0027908855117857456,0.0010747151682153344,0.9999157190322876,0.0012983393389731646,0.0024086630437523127,0.0007445109076797962
d89f9971a649c6c8.jpg,0.9999781847000122,0.007673107087612152,0.0002778094494715333,0.0008291773847304285,0.0010518913622945547,0.0010775370756164193
fdc5caf48dc2320c.jpg,0.003362959949299693,0.0015797610394656658,0.9996391534805298,0.001452691969461739,0.02515421248972416,0.0012052366510033607
937781c0768365be.jpg,0.01047846581786871,0.999968409538269,0.0016187778674066067,0.0022501926869153976,0.0020689512602984905,0.0036187185905873775
d02f94bc78826bd5.jpg,0.9165434241294861,0.9980416297912598,4.56166744697839e-05,0.00014365423703566194,0.00018044060561805964,0.0002476343943271786
99d03881b7d7d23c.jpg,0.0007308159838430583,0.0001849597756518051,0.9999951124191284,0.00018024285964202136,0.0005850783200003207,0.00010499916243134066
f827cf360d8c24dc.jpg,0.9999831914901733,0.0053785876370966434,0.0002714039583224803,0.0005018789670430124,0.0008287744713015854,0.0007129571167752147
b2b1c2cebd376421.jpg,0.001505719032138586,0.00023785607481840998,0.9999833106994629,0.0002352869778405875,0.0007323193713091314,0.00016538194904569536
81ae4e721bc9277a.jpg,0.7650443911552429,0.9989731311798096,0.00024717088672332466,0.0006227386766113341,0.0006085992208682001,0.0011650704545900226
f8fc50c493b54617.jpg,0.9999876022338867,0.005705869756639004,0.00021109609224367887,0.0004158264200668782,0.0007064610836096108,0.0007874119328334928
dbd5258e307060fb.jpg,0.0006716867792420089,0.0009095156565308571,0.0008979945559985936,0.9999971389770508,0.0008717497694306076,0.00040639020153321326
fc0788a751363778.jpg,0.9999924898147583,0.004117010161280632,0.00012773810885846615,0.0002918841491919011,0.00046643681707791984,0.00043915395508520305
9ea07ec198571747.jpg,0.9999911785125732,0.0048154438845813274,0.00015374597569461912,0.0003869355714414269,0.0005589951761066914,0.0005955180386081338
f8a0cfc3c9b24c74.jpg,0.00039076199755072594,6.45024047116749e-05,0.9999986886978149,7.69007092458196e-05,0.00030892802169546485,3.9572303649038076e-05
edab8ab09d9bd050.jpg,0.00033158386941067874,0.9999998807907104,9.365583537146449e-05,0.00017048495647031814,0.0002423830155748874,0.0002654088893905282
d19775c88e1e7aa0.jpg,0.0008541905554011464,0.00021140284661669284,0.9999934434890747,0.00017310914699919522,0.0006148800021037459,0.00010331164230592549
b4c8d092c17b477b.jpg,0.00038504807162098587,4.40530784544535e-05,0.9999994039535522,4.520933362073265e-05,0.00016323760792147368,3.143915819237009e-05
a9bfd2975a0b41a4.jpg,0.0002048583992291242,0.9999998807907104,5.7990371715277433e-05,0.00011690729297697544,0.00018190412083640695,0.00020203329040668905
b5369279d9c1c949.jpg,0.0063180034048855305,0.0012897005071863532,0.9998917579650879,0.0018365877913311124,0.013559279963374138,0.0009485634509474039
e350014f5de71f92.jpg,0.0023925902787595987,0.000734031549654901,0.9999376535415649,0.000809116056188941,0.0055319578386843204,0.000590832089073956
94b2129f1555755e.jpg,0.000332998635713011,0.9999998807907104,8.917330706026405e-05,0.00014334118168335408,0.00025783502496778965,0.000262053101323545
95472b1f452d45b9.jpg,0.0020963307470083237,0.0005133964004926383,0.999972939491272,0.0005028802552260458,0.0010356022976338863,0.0003153250436298549
d295030f7d126dba.jpg,0.9999889135360718,0.004868132993578911,0.00021126218780409545,0.0004567759169731289,0.0007250298513099551,0.0006971033872105181
c01f3997195b90f3.jpg,0.00026889884611591697,0.9999998807907104,6.693727482343093e-05,0.0001424136571586132,0.0002292709395987913,0.0002370873698964715
c0e94356cdf01fc6.jpg,0.9999839067459106,0.0048308721743524075,0.00026858755154535174,0.0005044626304879785,0.0007455130689777434,0.0008047604351304471
adc31d63c5a162cb.jpg,0.0007528826827183366,0.0010832863627001643,0.0004438854521140456,0.00033585052005946636,0.017181433737277985,0.9999967813491821
bef892789cf11e01.jpg,0.0005127520416863263,0.0005430018645711243,0.0005068455939181149,0.9999986886978149,0.000666628242470324,0.0003550104156602174
acf0d96d97c39904.jpg,0.0008645636262372136,0.0016648140735924244,0.0005205788183957338,0.0006247003329917789,0.0009809070033952594,0.9999977350234985
d5f91b139243d4e2.jpg,0.0016310520004481077,0.0015935760457068682,0.0004893990699201822,0.001117026200518012,0.0008368283743038774,0.9999972581863403
90ee3bc4cc3d1b16.jpg,0.0003242033126298338,0.9999997615814209,0.00012105262430850416,0.00017200135334860533,0.00026861546211875975,0.0003290695312898606
96a558b0e901ff63.jpg,0.0008078741957433522,0.0007459575426764786,0.00022750340576749295,0.000566124334000051,0.0004286934563424438,0.9999992847442627
a1e31837c89aceb9.jpg,0.9999902248382568,0.003446958726271987,0.00019044129294343293,0.00035655873944051564,0.0006333828205242753,0.0005634566769003868
c0fd97c09be9310d.jpg,0.9999940395355225,0.0028426137287169695,0.00014288988313637674,0.0002965804887935519,0.0005158013082109392,0.0004583581176120788
f724c2dec3c884cd.jpg,0.00028554871096275747,0.9999998807907104,7.425658986903727e-05,0.00015765363059472293,0.00022155491751618683,0.0002749551786109805
e062c0b63cd36f1b.jpg,0.0012902250746265054,0.0011329876724630594,0.00029261637246236205,0.0007283984450623393,0.000548899988643825,0.9999986886978149
c4718641cf9b34dd.jpg,0.9999845027923584,0.004162696655839682,0.000259225198533386,0.0003727526345755905,0.0005724925431422889,0.0005440450040623546
e28fd2359960e927.jpg,0.0005457006045617163,8.097242971416563e-05,0.999997615814209,0.00011656933929771185,0.0004382855258882046,6.407228647731245e-05
abfbe4d0b6413681.jpg,0.9999994039535522,0.0011084694415330887,0.9999984502792358,0.00027338886866346,0.0011797868646681309,0.0009667390841059387
fc388a98497835eb.jpg,0.0005310260457918048,0.0006123012863099575,0.00038394954754039645,0.9999980926513672,0.0022708068136125803,0.00044660604908131063
b297b43d650f6cc0.jpg,0.0006313821650110185,0.9999996423721313,9.399950067745522e-05,0.00017834967002272606,0.00034319888800382614,0.0002795657201204449
d80487d5621ef375.jpg,0.0003523808263707906,0.9999997615814209,0.0001001538330456242,0.0001691939396550879,0.0003349012404214591,0.0002747562830336392
ad029437daf61dc2.jpg,0.9999911785125732,0.004779883660376072,0.00015029501810204238,0.0004138291988056153,0.00063529540784657,0.0005554690724238753
cda0c3db329b138e.jpg,0.0019367766799405217,0.00034328983747400343,0.9999749660491943,0.00033278821501880884,0.0016256393864750862,0.0002475496439728886
df3b8800e2f892fa.jpg,0.9873208999633789,0.00015146438090596348,0.9999455213546753,3.7416539271362126e-05,0.9588178396224976,0.0003239181824028492
e8d37af02746168d.jpg,0.0006817890680395067,0.0005673289415426552,0.0007739080465398729,0.9999966621398926,0.0007818867452442646,0.0004087889101356268
f1949130dfb7e850.jpg,0.9999963045120239,0.0024892266374081373,7.675917004235089e-05,0.00017743188072927296,0.0003277395444456488,0.00028579981881193817
e88fc5d4c86908ef.jpg,0.9999979734420776,0.002103682141751051,5.91113930568099e-05,0.0001640153641346842,0.000270049087703228,0.00022825386258773506
c8a8ad9a627b52b6.jpg,0.001011806889437139,0.0008663837797939777,0.00023976458760444075,0.0007296332623809576,0.00033856244408525527,0.9999983310699463
afa0c6fa4fc0a8c5.jpg,0.9999959468841553,0.003101540729403496,8.636661368655041e-05,0.00026223858003504574,0.00040421844460070133,0.000332711439114064
e13ec07a0fa23e5a.jpg,0.0003441795415710658,0.9999998807907104,8.316514868056402e-05,0.0001967847638297826,0.00027935978141613305,0.00029411326977424324
a6b8d775d2c50163.jpg,0.00024217533064074814,0.9999998807907104,7.659997936571017e-05,0.00013262420543469489,0.00018419702246319503,0.0002072221104754135
a585c19e14f895de.jpg,0.9316927194595337,0.0007977350032888353,0.9158692955970764,0.00023214567045215517,0.9992640614509583,0.00035700263106264174
dc982c9cff289742.jpg,0.0003074372070841491,0.9999998807907104,8.493268251186237e-05,0.0001241129939444363,0.0002393148752162233,0.0002448975865263492
ca87815b2f3190df.jpg,0.0005737897590734065,0.0006917286664247513,0.0017538804095238447,0.9999982118606567,0.0015667941188439727,0.0006427044863812625
e8829f1360cff634.jpg,0.002160373143851757,0.0003354211221449077,0.027244336903095245,5.5337895901175216e-05,0.9999942779541016,0.00022760234423913062
fd37c332c54d120d.jpg,0.999992847442627,0.002851296216249466,0.00011573566735023633,0.00026830346905626357,0.00042624890920706093,0.00038606487214565277
cf7831a6a75425aa.jpg,0.001866825739853084,0.9999914169311523,0.0005128554184921086,0.0005317181930877268,0.0007247272878885269,0.005289027467370033
cfbd2c3e3e143230.jpg,0.0003070241946261376,0.9999998807907104,9.50138783082366e-05,0.00014517572708427906,0.00025162973906844854,0.00029932227334938943
80b0b0dacf697db4.jpg,0.0006332234479486942,0.9999995231628418,0.00014254855341278017,0.000198416382772848,0.00033038255060091615,0.00037591723958030343
cf9300c7e4fa58e1.jpg,0.0005889626336283982,0.9999996423721313,0.00016570475418120623,0.00022129078570287675,0.00031280782422982156,0.00037929072277620435
eceed0904f806f93.jpg,0.0017650366062298417,0.0003205325629096478,0.9999735355377197,0.00033767891000024974,0.0010687399189919233,0.0002421640238026157
a08cd2cc9fd09ade.jpg,0.00027515814872458577,3.229993308195844e-05,0.9999996423721313,5.5102565966080874e-05,0.00019548821728676558,2.3693530238233507e-05
f6a2c83f92a52387.jpg,0.0012524399207904935,0.00037308770697563887,0.9999884366989136,0.0003262833342887461,0.0007993512554094195,0.00017163452866952866
bd25252ff090b9e8.jpg,0.9999963045120239,0.0020856913179159164,7.918968185549602e-05,0.0001756998390192166,0.0003059442387893796,0.00028248372836969793
a1b0d2d51d5f1a95.jpg,0.0008711094851605594,0.0010140249505639076,0.0008023434784263372,0.9999953508377075,0.002048528753221035,0.0007227199384942651
dd908073432fcc6f.jpg,0.0014347482938319445,0.00027905392926186323,0.9999862909317017,0.0002937372191809118,0.000860727159306407,0.00019122881349176168
dd83cf9e5688309c.jpg,0.0004977422067895532,9.060933371074498e-05,0.9999974966049194,9.381636482430622e-05,0.0003420101129449904,4.997706491849385e-05
c6296d963c1ea5b8.jpg,0.00040059772436507046,8.857396460371092e-05,0.9999986886978149,0.00011617562995525077,0.0003797690151259303,5.442808469524607e-05
d8c219bec9f4c11d.jpg,0.0002849389857146889,0.9999998807907104,9.226069232681766e-05,0.00014712140546180308,0.00021663882944267243,0.0002731624699663371
e26b5e8127d74316.jpg,0.000374796858523041,0.0004926094552502036,0.0007778413128107786,0.9999978542327881,0.0034659653902053833,0.0003492837422527373
99cbf69166724332.jpg,0.00032759897294454277,0.9999998807907104,8.784259262029082e-05,0.00015757608343847096,0.0002791278820950538,0.0002790382131934166
fee120dc271f3c28.jpg,0.99997878074646,0.0014146590838208795,0.9997923970222473,0.0005067393067292869,0.2803294062614441,0.0019377022981643677
cea13e1073b2c25f.jpg,0.00044322098256088793,0.9999997615814209,0.00014966334856580943,0.00018451412324793637,0.0002627045032568276,0.0003931611718144268
d8c973f3d121d0d1.jpg,0.6379246115684509,0.0029082391411066055,0.0004970692098140717,0.8291699886322021,0.22085578739643097,0.0021554939448833466
90ece9d647c23ca6.jpg,0.00041244999738410115,0.9999997615814209,0.0001341877068625763,0.00022823298058938235,0.00035302957985550165,0.00031420541927218437
a0a7c619796537ca.jpg,0.00044992813491262496,0.9999997615814209,0.00012419289851095527,0.00021189404651522636,0.00031338867847807705,0.0003228415735065937
84d7fe5c7c0c43c2.jpg,0.0004411688132677227,0.0005879208911210299,0.0005291616544127464,0.999998927116394,0.0006937868311069906,0.00032353855203837156
d0cec08c4bef7632.jpg,0.9999996423721313,0.0008844975964166224,0.9999988079071045,0.0005385050317272544,0.0065541695803403854,0.0014417334459722042
e08f48b35bb76609.jpg,0.9998772144317627,0.012927547097206116,0.0013001918559893966,0.0015664645470678806,0.0019822565373033285,0.0028800058644264936
b673878761c33962.jpg,0.00033313900348730385,0.9999998807907104,9.252103336621076e-05,0.00014944715076126158,0.0002760944771580398,0.0003453748649917543
dd9781df23b58520.jpg,0.0005750541458837688,0.9999996423721313,0.00010778601426864043,0.00021396708325482905,0.0004198690003249794,0.0003017612034454942
f8fdc0a083e0cf87.jpg,0.0002499678812455386,0.9999998807907104,5.333409353625029e-05,0.00014142699365038425,0.0001921932416735217,0.00025110034039244056
81aa353e9416cafe.jpg,0.9999964237213135,0.002266860334202647,7.87038734415546e-05,0.00021067903435323387,0.0003262332465965301,0.0003043584292754531
d7d910442f97d856.jpg,0.0006511583924293518,0.00010649597243173048,0.9999970197677612,0.00010087106056744233,0.0003893326211255044,6.572141137439758e-05
